process_id,process_name,process_description,industry,department,repetition_level,rule_based_decision_level,structured_data_level,exception_rate,process_stability,manual_data_entry_level,system_count,handoff_count,human_judgement_level,compliance_risk_level,customer_impact_level,volume_level,time_sensitivity,data_quality_level,automation_suitability_score,automation_recommendation,implementation_complexity,business_value_potential
P0001,Employee onboarding,"Collect employee details, verify documents, create accounts, send welcome communication, update HR system",Manufacturing,Compliance,3,5,1,5,3,3,2,5,5,5,5,5,1,3,91,Human-Assisted Automation,High,Medium
P0002,Purchase order approval,"Receive purchase request, check budget, validate supplier, route approval, issue purchase order",Retail,Customer Service,5,5,3,3,4,4,1,1,2,3,1,5,1,4,100,RPA,Low,Medium
P0003,Contract review,"Receive contract, review clauses, identify legal risk, negotiate changes, obtain signoff",Insurance,Customer Service,2,2,4,3,3,1,2,1,3,4,3,4,5,2,94,RPA,Medium,Medium
P0004,Expense reimbursement,"Receive expense claim, check policy rules, validate receipt, approve payment, update finance system",Logistics,Student Services,5,5,3,3,4,5,5,5,3,1,5,4,1,3,100,Intelligent Document Processing,Medium,High
P0005,Invoice processing,"Receive invoice, validate supplier details, match purchase order, enter details into ERP, route exceptions for approval",Insurance,Claims,5,5,4,3,4,4,4,5,3,4,3,5,5,2,100,Intelligent Document Processing,High,High
P0006,Password reset,"Receive access request, verify identity, reset password, notify user, close ticket",Retail,HR,5,5,1,5,4,3,2,5,3,5,5,4,4,3,100,Workflow Automation,High,High
P0007,Purchase order approval,"Receive purchase request, check budget, validate supplier, route approval, issue purchase order",Government,Procurement,4,4,3,3,3,5,2,4,2,3,2,5,4,2,100,RPA,Medium,High
P0008,Regulatory reporting,"Collect transaction data, validate calculations, prepare report, obtain compliance review, submit to regulator",Logistics,Compliance,2,4,1,3,5,4,1,1,5,3,2,5,2,4,100,AI Copilot,Medium,Medium
P0009,Customer complaint handling,"Receive complaint, review customer history, investigate issue, decide resolution, respond to customer",Education,IT,4,2,2,4,1,1,5,5,5,3,1,4,2,3,35,Workflow Automation,High,Low
P0010,Refund processing,"Receive refund request, check eligibility, calculate refund, process payment, notify customer",Government,IT,5,5,5,4,3,4,5,4,3,4,2,5,4,1,100,Workflow Automation,High,High
P0011,Expense reimbursement,"Receive expense claim, check policy rules, validate receipt, approve payment, update finance system",Logistics,Claims,4,5,2,5,4,5,4,2,1,4,4,4,1,3,100,Intelligent Document Processing,Medium,Medium
P0012,Contract review,"Receive contract, review clauses, identify legal risk, negotiate changes, obtain signoff",Manufacturing,Compliance,1,5,2,4,3,4,2,4,3,5,3,4,1,4,98,Workflow Automation,High,Medium
P0013,Contract review,"Receive contract, review clauses, identify legal risk, negotiate changes, obtain signoff",Retail,IT,4,5,1,4,1,3,5,2,4,4,4,2,4,5,96,Human-Assisted Automation,High,Medium
P0014,Contract review,"Receive contract, review clauses, identify legal risk, negotiate changes, obtain signoff",Healthcare,HR,1,4,1,3,1,1,2,5,5,3,2,1,3,1,8,Do Not Automate,High,Low
P0015,Refund processing,"Receive refund request, check eligibility, calculate refund, process payment, notify customer",Finance,Operations,4,4,2,1,4,5,3,3,2,4,1,4,1,1,100,Workflow Automation,Medium,Medium
P0016,Insurance claim review,"Receive claim, extract documents, assess policy coverage, investigate exceptions, approve or reject claim",Banking,Compliance,4,3,2,4,1,5,4,5,4,4,1,2,5,4,76,Human-Assisted Automation,High,Medium
P0017,Regulatory reporting,"Collect transaction data, validate calculations, prepare report, obtain compliance review, submit to regulator",Logistics,Customer Service,3,2,1,5,4,2,5,3,3,5,5,2,5,2,55,AI Agent,High,Medium
P0018,Refund processing,"Receive refund request, check eligibility, calculate refund, process payment, notify customer",Telecommunications,Finance,5,5,1,4,5,4,1,5,2,3,5,5,1,5,100,Workflow Automation,Medium,High
P0019,Refund processing,"Receive refund request, check eligibility, calculate refund, process payment, notify customer",Manufacturing,HR,5,5,5,3,4,3,2,1,3,2,1,3,4,5,100,RPA,Low,Medium
P0020,Insurance claim review,"Receive claim, extract documents, assess policy coverage, investigate exceptions, approve or reject claim",Finance,Finance,1,1,4,4,3,4,1,5,3,3,1,3,4,5,76,Intelligent Document Processing,Medium,Medium
P0021,Insurance claim review,"Receive claim, extract documents, assess policy coverage, investigate exceptions, approve or reject claim",Manufacturing,Procurement,3,5,3,5,5,4,1,5,5,5,1,4,4,4,100,Human-Assisted Automation,High,Medium
P0022,Sales lead qualification,"Receive lead, check company details, score fit, assign to salesperson, update CRM",Finance,Procurement,1,4,2,2,3,1,1,5,5,1,2,5,5,3,85,AI Copilot,Medium,Medium
P0023,IT incident routing,"Receive incident, classify priority, assign resolver group, monitor SLA, close ticket",Education,HR,5,4,3,4,5,5,2,2,1,1,4,5,2,3,100,RPA,Low,High
P0024,Employee onboarding,"Collect employee details, verify documents, create accounts, send welcome communication, update HR system",Telecommunications,Claims,5,4,4,4,1,5,3,2,4,3,3,3,3,4,100,AI Copilot,Medium,Medium
P0025,Customer complaint handling,"Receive complaint, review customer history, investigate issue, decide resolution, respond to customer",Banking,Operations,3,1,2,4,4,2,1,5,3,3,2,5,1,5,81,AI Agent,Medium,Medium
P0026,Customer complaint handling,"Receive complaint, review customer history, investigate issue, decide resolution, respond to customer",Government,Sales,4,4,2,3,5,3,4,3,3,3,3,5,1,3,100,Workflow Automation,Medium,Medium
P0027,Regulatory reporting,"Collect transaction data, validate calculations, prepare report, obtain compliance review, submit to regulator",Telecommunications,HR,3,4,2,3,3,4,3,3,3,4,5,3,4,3,100,Workflow Automation,Medium,High
P0028,Password reset,"Receive access request, verify identity, reset password, notify user, close ticket",Telecommunications,Procurement,4,4,3,5,4,3,3,4,3,1,2,3,3,4,100,Workflow Automation,Medium,Medium
P0029,Employee onboarding,"Collect employee details, verify documents, create accounts, send welcome communication, update HR system",Telecommunications,Student Services,4,5,1,1,5,4,1,5,2,5,1,5,1,2,100,Workflow Automation,Medium,Medium
P0030,Refund processing,"Receive refund request, check eligibility, calculate refund, process payment, notify customer",Logistics,IT,5,5,1,5,5,4,1,3,3,1,1,5,5,5,100,Workflow Automation,Medium,High
P0031,Regulatory reporting,"Collect transaction data, validate calculations, prepare report, obtain compliance review, submit to regulator",Retail,Operations,5,4,5,5,4,1,1,2,3,3,5,4,2,3,100,RPA,Medium,Medium
P0032,Expense reimbursement,"Receive expense claim, check policy rules, validate receipt, approve payment, update finance system",Telecommunications,IT,4,4,3,4,4,5,3,3,2,2,2,4,5,2,100,Intelligent Document Processing,Medium,High
P0033,Invoice processing,"Receive invoice, validate supplier details, match purchase order, enter details into ERP, route exceptions for approval",Logistics,Student Services,4,5,4,3,5,4,5,4,2,2,1,5,5,5,100,Intelligent Document Processing,Medium,High
P0034,Password reset,"Receive access request, verify identity, reset password, notify user, close ticket",Education,Compliance,4,5,5,2,4,4,1,2,2,3,3,4,3,4,100,RPA,Low,Medium
P0035,IT incident routing,"Receive incident, classify priority, assign resolver group, monitor SLA, close ticket",Manufacturing,Compliance,4,5,4,4,4,5,1,3,1,4,3,5,1,2,100,RPA,Medium,Medium
P0036,Password reset,"Receive access request, verify identity, reset password, notify user, close ticket",Banking,HR,4,5,4,4,3,4,4,4,3,5,5,5,5,5,100,Workflow Automation,High,High
P0037,KYC verification,"Collect identity documents, verify data, check sanctions list, escalate suspicious cases",Manufacturing,Student Services,1,1,4,3,5,5,3,2,4,4,5,4,4,4,100,Human-Assisted Automation,Medium,High
P0038,Refund processing,"Receive refund request, check eligibility, calculate refund, process payment, notify customer",Government,Operations,5,5,2,4,3,5,3,4,1,4,1,5,1,4,100,Workflow Automation,Medium,Medium
P0039,Expense reimbursement,"Receive expense claim, check policy rules, validate receipt, approve payment, update finance system",Finance,Compliance,4,4,2,4,3,4,1,2,1,1,4,4,5,2,100,Intelligent Document Processing,Low,High
P0040,Student enquiry triage,"Receive enquiry, classify category, retrieve student record, provide response or escalate",Education,Sales,5,3,1,4,4,5,1,4,4,4,5,4,1,3,100,Human-Assisted Automation,Medium,High
P0041,Expense reimbursement,"Receive expense claim, check policy rules, validate receipt, approve payment, update finance system",Education,Finance,4,5,2,4,5,4,4,5,2,5,3,3,5,2,100,Intelligent Document Processing,High,High
P0042,Refund processing,"Receive refund request, check eligibility, calculate refund, process payment, notify customer",Retail,Finance,5,5,1,1,3,5,4,1,2,4,5,4,3,5,100,RPA,Medium,High
P0043,Purchase order approval,"Receive purchase request, check budget, validate supplier, route approval, issue purchase order",Retail,Sales,4,5,1,4,3,3,4,2,2,3,1,5,3,3,100,RPA,Medium,Medium
P0044,Expense reimbursement,"Receive expense claim, check policy rules, validate receipt, approve payment, update finance system",Retail,HR,5,4,3,5,5,4,3,2,3,1,4,4,5,1,100,Intelligent Document Processing,Medium,High
P0045,Insurance claim review,"Receive claim, extract documents, assess policy coverage, investigate exceptions, approve or reject claim",Manufacturing,Operations,3,2,4,4,3,5,5,2,3,5,5,2,4,2,100,Intelligent Document Processing,High,High
P0046,Insurance claim review,"Receive claim, extract documents, assess policy coverage, investigate exceptions, approve or reject claim",Education,Sales,5,1,4,5,2,5,5,4,3,5,1,3,2,4,84,Intelligent Document Processing,High,Medium
P0047,Employee onboarding,"Collect employee details, verify documents, create accounts, send welcome communication, update HR system",Telecommunications,Compliance,3,5,4,3,4,1,4,5,5,4,2,2,3,2,83,Human-Assisted Automation,High,Low
P0048,KYC verification,"Collect identity documents, verify data, check sanctions list, escalate suspicious cases",Manufacturing,Compliance,2,4,2,4,1,5,4,1,3,4,4,2,3,2,78,Intelligent Document Processing,Medium,Medium
P0049,KYC verification,"Collect identity documents, verify data, check sanctions list, escalate suspicious cases",Banking,Finance,5,5,3,5,1,4,2,3,3,3,2,3,5,3,100,Intelligent Document Processing,Medium,Medium
P0050,Password reset,"Receive access request, verify identity, reset password, notify user, close ticket",Education,Sales,5,5,2,1,4,4,3,3,1,3,3,3,2,1,100,Workflow Automation,Low,Medium
P0051,Password reset,"Receive access request, verify identity, reset password, notify user, close ticket",Telecommunications,Sales,5,4,3,5,4,3,2,3,1,4,4,5,4,5,100,RPA,Medium,High
P0052,Employee onboarding,"Collect employee details, verify documents, create accounts, send welcome communication, update HR system",Finance,HR,5,1,5,1,2,2,1,4,1,3,2,3,3,2,100,Workflow Automation,Low,Medium
P0053,Insurance claim review,"Receive claim, extract documents, assess policy coverage, investigate exceptions, approve or reject claim",Logistics,Compliance,5,4,4,3,1,5,2,5,4,4,3,2,4,4,100,Human-Assisted Automation,High,Medium
P0054,Employee onboarding,"Collect employee details, verify documents, create accounts, send welcome communication, update HR system",Insurance,IT,3,4,2,4,1,4,2,5,2,1,3,4,5,3,100,Workflow Automation,Medium,High
P0055,Insurance claim review,"Receive claim, extract documents, assess policy coverage, investigate exceptions, approve or reject claim",Logistics,Customer Service,5,3,3,5,1,4,3,5,5,5,3,4,1,3,70,Human-Assisted Automation,High,Medium
P0056,Sales lead qualification,"Receive lead, check company details, score fit, assign to salesperson, update CRM",Manufacturing,Customer Service,2,5,5,3,1,3,2,3,5,3,2,3,2,4,97,AI Copilot,Medium,Medium
P0057,Password reset,"Receive access request, verify identity, reset password, notify user, close ticket",Finance,Compliance,4,4,1,4,4,3,1,4,3,5,1,3,3,5,100,Workflow Automation,Medium,Medium
P0058,Insurance claim review,"Receive claim, extract documents, assess policy coverage, investigate exceptions, approve or reject claim",Insurance,Sales,2,5,2,5,2,5,3,4,4,4,2,1,2,5,75,Human-Assisted Automation,High,Medium
P0059,Customer complaint handling,"Receive complaint, review customer history, investigate issue, decide resolution, respond to customer",Logistics,Student Services,1,5,5,5,5,4,3,4,5,5,1,5,3,5,100,Human-Assisted Automation,High,Medium
P0060,Invoice processing,"Receive invoice, validate supplier details, match purchase order, enter details into ERP, route exceptions for approval",Retail,Procurement,4,5,3,2,4,5,3,4,1,5,3,5,1,1,100,Intelligent Document Processing,Medium,Medium
P0061,Insurance claim review,"Receive claim, extract documents, assess policy coverage, investigate exceptions, approve or reject claim",Telecommunications,HR,1,5,4,4,2,5,5,3,5,4,3,2,3,4,83,Human-Assisted Automation,High,Medium
P0062,Contract review,"Receive contract, review clauses, identify legal risk, negotiate changes, obtain signoff",Banking,Operations,5,5,1,4,4,2,3,1,3,4,5,4,2,2,100,RPA,Medium,Medium
P0063,Contract review,"Receive contract, review clauses, identify legal risk, negotiate changes, obtain signoff",Telecommunications,Finance,2,2,2,3,2,2,4,3,3,5,4,1,3,5,61,Workflow Automation,High,Medium
P0064,KYC verification,"Collect identity documents, verify data, check sanctions list, escalate suspicious cases",Finance,HR,4,3,3,3,1,5,1,1,3,4,2,3,5,4,100,Intelligent Document Processing,Medium,High
P0065,Password reset,"Receive access request, verify identity, reset password, notify user, close ticket",Telecommunications,Sales,5,4,2,2,3,4,2,5,2,2,3,5,5,2,100,Workflow Automation,Medium,High
P0066,Expense reimbursement,"Receive expense claim, check policy rules, validate receipt, approve payment, update finance system",Government,Customer Service,4,4,2,2,4,4,2,1,1,1,1,3,2,3,100,Intelligent Document Processing,Low,Medium
P0067,Password reset,"Receive access request, verify identity, reset password, notify user, close ticket",Logistics,Customer Service,4,4,3,1,5,3,4,2,2,4,2,5,2,4,100,RPA,Medium,Medium
P0068,Expense reimbursement,"Receive expense claim, check policy rules, validate receipt, approve payment, update finance system",Government,IT,5,5,4,5,3,4,1,4,1,2,5,5,4,5,100,Intelligent Document Processing,Medium,High
P0069,Refund processing,"Receive refund request, check eligibility, calculate refund, process payment, notify customer",Education,Procurement,5,5,4,2,4,5,2,2,2,1,5,4,5,3,100,RPA,Low,High
P0070,Sales lead qualification,"Receive lead, check company details, score fit, assign to salesperson, update CRM",Banking,Procurement,2,5,5,5,5,1,1,1,2,4,3,2,5,3,100,RPA,Medium,Medium
P0071,IT incident routing,"Receive incident, classify priority, assign resolver group, monitor SLA, close ticket",Insurance,Finance,5,5,2,3,4,4,2,2,1,5,5,3,4,2,100,RPA,Medium,High
P0072,KYC verification,"Collect identity documents, verify data, check sanctions list, escalate suspicious cases",Finance,Claims,3,4,3,3,4,4,5,5,3,5,4,5,3,3,100,Intelligent Document Processing,High,High
P0073,Expense reimbursement,"Receive expense claim, check policy rules, validate receipt, approve payment, update finance system",Retail,HR,5,5,2,3,5,5,1,5,2,2,1,4,1,4,100,Intelligent Document Processing,Medium,Medium
P0074,Insurance claim review,"Receive claim, extract documents, assess policy coverage, investigate exceptions, approve or reject claim",Manufacturing,Student Services,2,3,4,4,2,4,5,2,4,5,4,1,3,4,71,Human-Assisted Automation,High,Medium
P0075,Invoice processing,"Receive invoice, validate supplier details, match purchase order, enter details into ERP, route exceptions for approval",Education,Customer Service,5,4,2,4,3,4,1,2,3,4,2,3,5,2,100,Intelligent Document Processing,Medium,Medium
P0076,Insurance claim review,"Receive claim, extract documents, assess policy coverage, investigate exceptions, approve or reject claim",Insurance,Operations,4,2,4,5,2,5,1,1,3,4,4,4,1,2,100,Intelligent Document Processing,Medium,Medium
P0077,Expense reimbursement,"Receive expense claim, check policy rules, validate receipt, approve payment, update finance system",Education,Compliance,4,4,2,1,4,5,4,3,2,3,2,5,1,1,100,Intelligent Document Processing,Medium,Medium
P0078,Sales lead qualification,"Receive lead, check company details, score fit, assign to salesperson, update CRM",Logistics,Compliance,3,4,2,2,3,4,4,2,3,4,1,1,5,4,100,RPA,Medium,Medium
P0079,IT incident routing,"Receive incident, classify priority, assign resolver group, monitor SLA, close ticket",Logistics,Student Services,4,4,5,3,5,5,4,5,3,2,4,4,2,2,100,Workflow Automation,Medium,High
P0080,Refund processing,"Receive refund request, check eligibility, calculate refund, process payment, notify customer",Manufacturing,IT,4,4,1,4,4,4,4,5,2,1,2,4,5,2,100,Workflow Automation,Medium,High
P0081,KYC verification,"Collect identity documents, verify data, check sanctions list, escalate suspicious cases",Insurance,Finance,5,1,2,5,1,4,3,2,3,3,1,5,3,2,84,Intelligent Document Processing,Medium,Medium
P0082,Inventory replenishment,"Check stock level, forecast demand, create replenishment order, notify warehouse",Education,IT,4,5,1,3,4,3,1,2,1,2,3,5,3,4,100,RPA,Low,Medium
P0083,IT incident routing,"Receive incident, classify priority, assign resolver group, monitor SLA, close ticket",Logistics,Finance,5,4,3,2,3,5,3,1,1,2,2,5,1,3,100,RPA,Low,Medium
P0084,Password reset,"Receive access request, verify identity, reset password, notify user, close ticket",Healthcare,Procurement,4,4,3,4,5,5,5,2,3,4,3,5,5,4,100,RPA,High,High
P0085,Employee onboarding,"Collect employee details, verify documents, create accounts, send welcome communication, update HR system",Banking,Customer Service,3,2,3,1,2,4,3,4,1,5,1,4,1,1,97,Workflow Automation,Medium,Medium
P0086,IT incident routing,"Receive incident, classify priority, assign resolver group, monitor SLA, close ticket",Government,Student Services,5,5,1,3,5,3,5,5,3,4,2,4,3,1,100,Workflow Automation,High,Medium
P0087,Contract review,"Receive contract, review clauses, identify legal risk, negotiate changes, obtain signoff",Banking,Claims,1,3,2,4,5,1,4,1,5,4,1,5,3,3,59,Human-Assisted Automation,High,Medium
P0088,Inventory replenishment,"Check stock level, forecast demand, create replenishment order, notify warehouse",Education,HR,4,5,2,1,5,5,1,2,3,3,1,4,2,1,100,RPA,Low,Medium
P0089,Insurance claim review,"Receive claim, extract documents, assess policy coverage, investigate exceptions, approve or reject claim",Education,Procurement,5,4,3,5,4,4,2,2,3,3,5,4,4,2,100,Intelligent Document Processing,Medium,High
P0090,Sales lead qualification,"Receive lead, check company details, score fit, assign to salesperson, update CRM",Banking,IT,4,2,1,4,4,1,5,3,5,5,3,1,3,2,30,Human-Assisted Automation,High,Low
P0091,Password reset,"Receive access request, verify identity, reset password, notify user, close ticket",Banking,Sales,4,4,2,4,4,3,4,5,2,4,4,3,3,1,100,Workflow Automation,High,Medium
P0092,Purchase order approval,"Receive purchase request, check budget, validate supplier, route approval, issue purchase order",Manufacturing,Compliance,5,5,5,1,4,3,1,2,3,1,2,4,4,3,100,RPA,Low,Medium
P0093,IT incident routing,"Receive incident, classify priority, assign resolver group, monitor SLA, close ticket",Retail,HR,4,4,4,4,5,5,2,4,1,2,2,5,1,5,100,RPA,Medium,Medium
P0094,Expense reimbursement,"Receive expense claim, check policy rules, validate receipt, approve payment, update finance system",Education,Compliance,5,5,2,2,4,5,3,5,2,5,1,4,4,1,100,Intelligent Document Processing,Medium,Medium
P0095,Invoice processing,"Receive invoice, validate supplier details, match purchase order, enter details into ERP, route exceptions for approval",Manufacturing,Student Services,5,4,3,2,3,4,1,3,1,2,5,4,1,2,100,Intelligent Document Processing,Low,Medium
P0096,Insurance claim review,"Receive claim, extract documents, assess policy coverage, investigate exceptions, approve or reject claim",Logistics,Finance,1,3,4,3,2,4,5,3,5,5,5,3,1,2,62,Human-Assisted Automation,High,Medium
P0097,KYC verification,"Collect identity documents, verify data, check sanctions list, escalate suspicious cases",Education,Student Services,1,2,3,4,3,5,2,2,5,5,3,4,1,5,78,Human-Assisted Automation,High,Medium
P0098,Purchase order approval,"Receive purchase request, check budget, validate supplier, route approval, issue purchase order",Banking,Customer Service,5,4,4,4,3,3,3,2,2,1,3,4,4,5,100,RPA,Medium,Medium
P0099,Employee onboarding,"Collect employee details, verify documents, create accounts, send welcome communication, update HR system",Retail,Student Services,2,2,3,5,4,3,4,1,3,5,2,1,5,2,64,AI Agent,High,Medium
P0100,Contract review,"Receive contract, review clauses, identify legal risk, negotiate changes, obtain signoff",Telecommunications,Sales,1,5,4,3,3,3,4,1,5,4,3,4,1,2,96,Human-Assisted Automation,Medium,Medium
P0101,Customer complaint handling,"Receive complaint, review customer history, investigate issue, decide resolution, respond to customer",Retail,Procurement,4,5,1,4,1,5,5,1,3,3,1,4,1,3,100,RPA,Medium,Medium
P0102,Contract review,"Receive contract, review clauses, identify legal risk, negotiate changes, obtain signoff",Education,Procurement,4,3,4,4,4,4,2,5,5,5,1,1,1,2,70,Human-Assisted Automation,High,Low
P0103,Password reset,"Receive access request, verify identity, reset password, notify user, close ticket",Manufacturing,Procurement,4,4,1,5,5,3,1,3,1,2,2,3,1,2,100,Workflow Automation,Medium,Low
P0104,Insurance claim review,"Receive claim, extract documents, assess policy coverage, investigate exceptions, approve or reject claim",Retail,Customer Service,2,5,3,4,1,5,3,5,5,5,1,3,4,3,72,Human-Assisted Automation,High,Medium
P0105,Password reset,"Receive access request, verify identity, reset password, notify user, close ticket",Healthcare,HR,4,4,2,5,4,5,3,3,3,2,4,3,4,3,100,Workflow Automation,Medium,High
P0106,Password reset,"Receive access request, verify identity, reset password, notify user, close ticket",Logistics,Finance,5,5,1,4,3,4,3,4,2,1,2,5,5,4,100,Workflow Automation,Medium,High
P0107,Employee onboarding,"Collect employee details, verify documents, create accounts, send welcome communication, update HR system",Government,HR,2,3,5,4,1,2,5,3,3,3,5,4,2,5,100,Workflow Automation,High,Medium
P0108,IT incident routing,"Receive incident, classify priority, assign resolver group, monitor SLA, close ticket",Education,Compliance,4,5,1,4,3,4,2,1,3,3,4,5,2,2,100,RPA,Medium,High
P0109,KYC verification,"Collect identity documents, verify data, check sanctions list, escalate suspicious cases",Insurance,Claims,3,4,3,4,2,4,1,2,5,3,4,2,1,1,85,Intelligent Document Processing,Medium,Medium
P0110,Refund processing,"Receive refund request, check eligibility, calculate refund, process payment, notify customer",Government,Sales,4,5,4,4,5,3,5,1,2,5,4,4,4,5,100,RPA,Medium,High
P0111,Student enquiry triage,"Receive enquiry, classify category, retrieve student record, provide response or escalate",Government,Operations,4,4,2,1,5,2,5,4,3,4,4,5,5,4,100,Workflow Automation,Medium,High
P0112,Purchase order approval,"Receive purchase request, check budget, validate supplier, route approval, issue purchase order",Education,Claims,5,4,4,3,5,3,3,3,3,1,4,3,1,5,100,Workflow Automation,Medium,Medium
P0113,Purchase order approval,"Receive purchase request, check budget, validate supplier, route approval, issue purchase order",Logistics,Customer Service,4,5,3,5,5,4,2,2,1,3,2,5,4,5,100,RPA,Medium,High
P0114,KYC verification,"Collect identity documents, verify data, check sanctions list, escalate suspicious cases",Manufacturing,IT,3,4,2,4,3,4,2,4,5,3,1,2,4,1,75,Intelligent Document Processing,High,Medium
P0115,Refund processing,"Receive refund request, check eligibility, calculate refund, process payment, notify customer",Banking,Compliance,4,4,3,5,4,5,4,1,1,4,4,3,2,4,100,RPA,Medium,Medium
P0116,Refund processing,"Receive refund request, check eligibility, calculate refund, process payment, notify customer",Healthcare,Procurement,4,5,5,3,3,3,5,1,3,3,3,5,4,5,100,RPA,Medium,High
P0117,Contract review,"Receive contract, review clauses, identify legal risk, negotiate changes, obtain signoff",Manufacturing,Compliance,1,4,2,5,2,4,1,1,4,4,4,1,1,3,57,Human-Assisted Automation,Medium,Medium
P0118,Customer complaint handling,"Receive complaint, review customer history, investigate issue, decide resolution, respond to customer",Finance,Operations,5,2,2,4,2,3,2,1,3,5,1,2,4,5,83,AI Agent,Medium,Medium
P0119,Purchase order approval,"Receive purchase request, check budget, validate supplier, route approval, issue purchase order",Banking,Finance,4,5,1,2,3,3,3,1,2,1,4,5,3,5,100,RPA,Low,High
P0120,Regulatory reporting,"Collect transaction data, validate calculations, prepare report, obtain compliance review, submit to regulator",Manufacturing,HR,3,4,4,4,5,2,4,1,3,3,4,3,3,3,100,RPA,Medium,Medium
P0121,IT incident routing,"Receive incident, classify priority, assign resolver group, monitor SLA, close ticket",Retail,Compliance,5,5,5,3,5,4,1,2,1,5,3,4,4,3,100,RPA,Medium,High
P0122,Customer complaint handling,"Receive complaint, review customer history, investigate issue, decide resolution, respond to customer",Finance,Customer Service,4,1,5,4,2,5,4,3,4,3,3,4,4,4,100,AI Copilot,High,High
P0123,Contract review,"Receive contract, review clauses, identify legal risk, negotiate changes, obtain signoff",Manufacturing,Sales,1,5,3,4,3,5,1,4,3,4,5,2,4,3,100,Workflow Automation,Medium,High
P0124,Purchase order approval,"Receive purchase request, check budget, validate supplier, route approval, issue purchase order",Logistics,Student Services,5,5,1,5,3,4,2,2,1,5,3,4,1,1,100,RPA,Medium,Medium
P0125,Inventory replenishment,"Check stock level, forecast demand, create replenishment order, notify warehouse",Logistics,Operations,4,5,1,4,5,3,2,5,2,3,5,5,1,2,100,Workflow Automation,Medium,Medium
P0126,Invoice processing,"Receive invoice, validate supplier details, match purchase order, enter details into ERP, route exceptions for approval",Education,HR,5,5,2,1,5,4,5,3,2,2,3,3,5,3,100,Intelligent Document Processing,Medium,High
P0127,Sales lead qualification,"Receive lead, check company details, score fit, assign to salesperson, update CRM",Logistics,Claims,4,4,3,5,1,3,4,3,4,4,4,5,5,1,97,Human-Assisted Automation,High,High
P0128,Regulatory reporting,"Collect transaction data, validate calculations, prepare report, obtain compliance review, submit to regulator",Finance,Student Services,4,2,4,3,3,5,1,1,4,3,1,3,1,4,100,AI Copilot,Medium,Medium
P0129,Regulatory reporting,"Collect transaction data, validate calculations, prepare report, obtain compliance review, submit to regulator",Education,Customer Service,3,3,5,5,4,3,1,3,5,3,1,3,1,2,85,AI Copilot,Medium,Low
P0130,Contract review,"Receive contract, review clauses, identify legal risk, negotiate changes, obtain signoff",Education,Sales,5,1,1,3,2,4,1,2,3,3,2,3,1,3,89,RPA,Medium,Medium
P0131,Insurance claim review,"Receive claim, extract documents, assess policy coverage, investigate exceptions, approve or reject claim",Insurance,Claims,3,4,4,5,4,5,2,1,4,3,5,4,2,2,100,Intelligent Document Processing,Medium,High
P0132,Sales lead qualification,"Receive lead, check company details, score fit, assign to salesperson, update CRM",Telecommunications,Operations,3,1,2,1,5,2,5,3,4,3,3,4,1,4,97,AI Copilot,Medium,Medium
P0133,Customer complaint handling,"Receive complaint, review customer history, investigate issue, decide resolution, respond to customer",Banking,Student Services,1,5,2,3,4,1,2,3,3,3,3,1,3,2,83,Workflow Automation,Medium,Low
P0134,Invoice processing,"Receive invoice, validate supplier details, match purchase order, enter details into ERP, route exceptions for approval",Insurance,Sales,4,5,4,2,5,5,3,3,1,1,4,4,2,2,100,Intelligent Document Processing,Low,High
P0135,KYC verification,"Collect identity documents, verify data, check sanctions list, escalate suspicious cases",Telecommunications,Operations,1,1,3,3,3,4,1,1,3,3,2,3,5,5,90,Intelligent Document Processing,Low,Medium
P0136,KYC verification,"Collect identity documents, verify data, check sanctions list, escalate suspicious cases",Insurance,Procurement,4,2,4,3,4,5,4,1,3,3,5,4,5,4,100,Intelligent Document Processing,Medium,High
P0137,Employee onboarding,"Collect employee details, verify documents, create accounts, send welcome communication, update HR system",Manufacturing,Operations,4,5,3,5,3,5,5,5,4,1,1,2,2,1,95,Workflow Automation,High,Medium
P0138,Contract review,"Receive contract, review clauses, identify legal risk, negotiate changes, obtain signoff",Government,HR,3,3,4,3,1,2,2,4,5,5,5,5,5,3,96,Human-Assisted Automation,High,High
P0139,Password reset,"Receive access request, verify identity, reset password, notify user, close ticket",Telecommunications,Sales,5,5,1,3,3,5,4,1,1,5,5,3,5,2,100,RPA,Medium,High
P0140,KYC verification,"Collect identity documents, verify data, check sanctions list, escalate suspicious cases",Manufacturing,Customer Service,3,4,3,3,5,4,5,2,4,5,2,3,2,2,100,Human-Assisted Automation,High,Medium
P0141,Purchase order approval,"Receive purchase request, check budget, validate supplier, route approval, issue purchase order",Retail,Operations,4,4,1,4,5,5,1,3,2,4,2,5,3,2,100,Workflow Automation,Medium,High
P0142,Expense reimbursement,"Receive expense claim, check policy rules, validate receipt, approve payment, update finance system",Manufacturing,Finance,4,5,4,4,3,5,2,4,3,1,2,3,5,1,100,Intelligent Document Processing,Medium,High
P0143,Refund processing,"Receive refund request, check eligibility, calculate refund, process payment, notify customer",Manufacturing,IT,5,5,5,1,5,5,4,1,3,4,3,3,1,5,100,RPA,Medium,Medium
P0144,Refund processing,"Receive refund request, check eligibility, calculate refund, process payment, notify customer",Telecommunications,Student Services,4,4,3,1,4,3,1,4,1,3,1,5,2,5,100,RPA,Low,Medium
P0145,Employee onboarding,"Collect employee details, verify documents, create accounts, send welcome communication, update HR system",Finance,Compliance,5,3,4,5,1,3,2,1,3,4,1,3,4,4,100,AI Agent,Medium,Medium
P0146,Insurance claim review,"Receive claim, extract documents, assess policy coverage, investigate exceptions, approve or reject claim",Insurance,Procurement,1,1,3,3,5,5,4,3,3,3,2,1,4,5,93,Intelligent Document Processing,Medium,Medium
P0147,Purchase order approval,"Receive purchase request, check budget, validate supplier, route approval, issue purchase order",Education,Operations,4,4,2,4,4,3,5,1,3,5,1,4,1,2,93,RPA,High,Low
P0148,Student enquiry triage,"Receive enquiry, classify category, retrieve student record, provide response or escalate",Government,Claims,4,3,1,4,3,2,5,2,4,3,1,1,2,5,61,AI Copilot,High,Low
P0149,Contract review,"Receive contract, review clauses, identify legal risk, negotiate changes, obtain signoff",Education,Compliance,5,3,2,4,4,2,5,5,5,5,4,3,1,1,66,Human-Assisted Automation,High,Medium
P0150,Expense reimbursement,"Receive expense claim, check policy rules, validate receipt, approve payment, update finance system",Finance,Procurement,4,4,4,3,5,5,2,4,3,1,3,5,3,5,100,Intelligent Document Processing,Medium,High
P0151,Password reset,"Receive access request, verify identity, reset password, notify user, close ticket",Insurance,Sales,4,5,4,2,4,5,2,5,2,4,4,3,4,2,100,RPA,Medium,High
P0152,Password reset,"Receive access request, verify identity, reset password, notify user, close ticket",Manufacturing,Operations,4,4,2,1,5,3,5,2,2,1,3,5,3,5,100,RPA,Low,Medium
P0153,Invoice processing,"Receive invoice, validate supplier details, match purchase order, enter details into ERP, route exceptions for approval",Logistics,HR,5,5,2,5,5,4,3,4,3,3,3,4,2,4,100,Intelligent Document Processing,High,Medium
P0154,Invoice processing,"Receive invoice, validate supplier details, match purchase order, enter details into ERP, route exceptions for approval",Insurance,Claims,5,5,2,2,5,4,5,3,3,1,3,3,3,4,100,Intelligent Document Processing,Medium,Medium
P0155,Invoice processing,"Receive invoice, validate supplier details, match purchase order, enter details into ERP, route exceptions for approval",Logistics,Finance,4,4,2,3,3,4,3,5,3,2,4,5,1,3,100,Intelligent Document Processing,Medium,Medium
P0156,Inventory replenishment,"Check stock level, forecast demand, create replenishment order, notify warehouse",Telecommunications,Sales,4,4,2,5,3,4,2,3,2,4,1,5,5,4,100,Workflow Automation,Medium,High
P0157,Regulatory reporting,"Collect transaction data, validate calculations, prepare report, obtain compliance review, submit to regulator",Government,Finance,5,3,3,4,1,4,3,5,3,4,4,2,2,2,100,Workflow Automation,High,Medium
P0158,KYC verification,"Collect identity documents, verify data, check sanctions list, escalate suspicious cases",Education,Customer Service,1,2,2,4,5,4,4,5,3,5,2,4,2,5,80,Intelligent Document Processing,High,Medium
P0159,Contract review,"Receive contract, review clauses, identify legal risk, negotiate changes, obtain signoff",Healthcare,Customer Service,3,5,1,5,2,4,1,4,5,5,3,2,1,1,52,Human-Assisted Automation,High,Medium
P0160,Employee onboarding,"Collect employee details, verify documents, create accounts, send welcome communication, update HR system",Education,Finance,3,1,3,5,2,5,3,4,3,5,5,4,5,1,87,AI Agent,High,High
P0161,IT incident routing,"Receive incident, classify priority, assign resolver group, monitor SLA, close ticket",Logistics,Customer Service,5,4,4,5,5,3,2,4,1,5,5,5,4,5,100,RPA,Medium,High
P0162,Regulatory reporting,"Collect transaction data, validate calculations, prepare report, obtain compliance review, submit to regulator",Education,Operations,3,4,1,4,2,3,5,2,5,3,2,2,4,1,55,AI Copilot,High,Medium
P0163,Employee onboarding,"Collect employee details, verify documents, create accounts, send welcome communication, update HR system",Finance,Customer Service,3,5,2,4,4,4,5,2,4,1,4,4,5,1,100,AI Copilot,Medium,High
P0164,Invoice processing,"Receive invoice, validate supplier details, match purchase order, enter details into ERP, route exceptions for approval",Manufacturing,Student Services,5,4,4,2,5,4,3,4,1,1,3,3,3,3,100,Intelligent Document Processing,Low,Medium
P0165,Regulatory reporting,"Collect transaction data, validate calculations, prepare report, obtain compliance review, submit to regulator",Banking,Compliance,2,1,2,4,4,5,4,1,4,4,1,4,2,4,66,Human-Assisted Automation,Medium,Medium
P0166,Contract review,"Receive contract, review clauses, identify legal risk, negotiate changes, obtain signoff",Banking,Claims,4,3,2,3,1,4,2,3,4,4,4,5,4,2,100,Human-Assisted Automation,Medium,High
P0167,Regulatory reporting,"Collect transaction data, validate calculations, prepare report, obtain compliance review, submit to regulator",Education,Student Services,1,5,1,3,3,1,4,1,3,5,2,3,3,5,69,RPA,Medium,Low
P0168,Purchase order approval,"Receive purchase request, check budget, validate supplier, route approval, issue purchase order",Government,Procurement,5,4,1,1,3,4,2,1,1,5,1,5,3,5,100,RPA,Low,Medium
P0169,Invoice processing,"Receive invoice, validate supplier details, match purchase order, enter details into ERP, route exceptions for approval",Healthcare,Compliance,4,4,3,5,5,5,3,2,1,4,3,5,2,4,100,Intelligent Document Processing,Medium,High
P0170,Invoice processing,"Receive invoice, validate supplier details, match purchase order, enter details into ERP, route exceptions for approval",Retail,Finance,4,5,4,4,3,5,3,5,2,4,3,3,4,2,100,Intelligent Document Processing,High,High
P0171,Contract review,"Receive contract, review clauses, identify legal risk, negotiate changes, obtain signoff",Banking,IT,1,2,5,5,3,2,1,3,4,3,3,1,3,2,51,AI Copilot,Medium,Low
P0172,Expense reimbursement,"Receive expense claim, check policy rules, validate receipt, approve payment, update finance system",Retail,Customer Service,4,5,3,2,3,5,5,4,2,1,3,3,2,3,100,Intelligent Document Processing,Medium,Medium
P0173,Purchase order approval,"Receive purchase request, check budget, validate supplier, route approval, issue purchase order",Healthcare,Compliance,5,5,3,2,4,4,1,1,3,4,5,5,3,4,100,RPA,Low,High
P0174,Refund processing,"Receive refund request, check eligibility, calculate refund, process payment, notify customer",Government,IT,5,4,2,2,4,4,1,3,3,3,1,4,1,1,100,Workflow Automation,Medium,Medium
P0175,Regulatory reporting,"Collect transaction data, validate calculations, prepare report, obtain compliance review, submit to regulator",Retail,IT,5,2,5,3,4,3,2,5,5,4,3,5,1,3,100,Human-Assisted Automation,High,Medium
P0176,Student enquiry triage,"Receive enquiry, classify category, retrieve student record, provide response or escalate",Insurance,Claims,1,5,3,3,2,5,1,5,3,5,4,1,2,4,93,Workflow Automation,Medium,Medium
P0177,KYC verification,"Collect identity documents, verify data, check sanctions list, escalate suspicious cases",Logistics,Claims,4,5,3,5,4,5,4,1,3,4,3,1,1,3,100,Intelligent Document Processing,Medium,Medium
P0178,Refund processing,"Receive refund request, check eligibility, calculate refund, process payment, notify customer",Telecommunications,Compliance,4,5,5,1,3,3,3,3,3,5,1,3,5,3,100,Workflow Automation,Medium,Medium
P0179,Sales lead qualification,"Receive lead, check company details, score fit, assign to salesperson, update CRM",Education,IT,1,4,5,2,5,2,3,3,2,1,3,4,4,3,100,Workflow Automation,Low,Medium
P0180,KYC verification,"Collect identity documents, verify data, check sanctions list, escalate suspicious cases",Telecommunications,HR,5,5,2,4,2,4,1,4,3,5,1,4,2,2,100,Intelligent Document Processing,Medium,Medium
P0181,Customer complaint handling,"Receive complaint, review customer history, investigate issue, decide resolution, respond to customer",Healthcare,Procurement,5,4,3,5,4,3,2,4,5,4,4,1,3,2,100,Human-Assisted Automation,High,Medium
P0182,Purchase order approval,"Receive purchase request, check budget, validate supplier, route approval, issue purchase order",Insurance,Operations,4,5,3,5,5,3,2,4,2,1,4,3,1,5,100,RPA,Medium,Medium
P0183,Refund processing,"Receive refund request, check eligibility, calculate refund, process payment, notify customer",Education,Sales,4,5,2,5,5,4,4,1,2,2,4,5,1,5,100,RPA,Medium,Medium
P0184,Refund processing,"Receive refund request, check eligibility, calculate refund, process payment, notify customer",Insurance,Sales,4,5,5,1,3,4,2,2,1,2,4,4,4,1,100,RPA,Low,High
P0185,Employee onboarding,"Collect employee details, verify documents, create accounts, send welcome communication, update HR system",Finance,Customer Service,3,4,3,2,5,3,1,4,3,5,5,1,2,1,100,Workflow Automation,Medium,Medium
P0186,Password reset,"Receive access request, verify identity, reset password, notify user, close ticket",Government,Customer Service,5,5,4,2,3,4,4,5,1,3,3,4,3,5,100,RPA,Medium,Medium
P0187,Password reset,"Receive access request, verify identity, reset password, notify user, close ticket",Retail,Claims,4,5,2,4,3,3,2,3,2,5,2,4,5,4,100,Workflow Automation,Medium,Medium
P0188,Inventory replenishment,"Check stock level, forecast demand, create replenishment order, notify warehouse",Manufacturing,Finance,5,4,1,2,3,5,1,4,2,3,2,5,2,5,100,Workflow Automation,Medium,Medium
P0189,Refund processing,"Receive refund request, check eligibility, calculate refund, process payment, notify customer",Manufacturing,Claims,5,4,4,3,3,4,1,5,1,1,2,3,1,3,100,RPA,Low,Medium
P0190,Contract review,"Receive contract, review clauses, identify legal risk, negotiate changes, obtain signoff",Finance,Customer Service,1,1,5,4,1,1,4,3,5,4,4,1,4,5,33,Human-Assisted Automation,High,Medium
P0191,Sales lead qualification,"Receive lead, check company details, score fit, assign to salesperson, update CRM",Retail,HR,5,3,5,3,3,5,4,1,4,5,2,1,5,5,100,Human-Assisted Automation,Medium,Medium
P0192,Inventory replenishment,"Check stock level, forecast demand, create replenishment order, notify warehouse",Healthcare,Finance,4,5,3,5,3,4,1,4,2,5,2,4,1,1,100,RPA,Medium,Medium
P0193,Student enquiry triage,"Receive enquiry, classify category, retrieve student record, provide response or escalate",Government,IT,5,3,3,3,3,1,2,3,5,2,1,4,4,1,95,AI Copilot,Medium,Medium
P0194,Refund processing,"Receive refund request, check eligibility, calculate refund, process payment, notify customer",Retail,Student Services,5,4,1,3,3,5,1,4,2,4,2,4,3,5,100,Workflow Automation,Medium,Medium
P0195,Inventory replenishment,"Check stock level, forecast demand, create replenishment order, notify warehouse",Finance,Finance,4,5,3,2,3,4,3,5,3,2,3,5,3,3,100,Workflow Automation,Medium,High
P0196,Contract review,"Receive contract, review clauses, identify legal risk, negotiate changes, obtain signoff",Government,Compliance,2,4,2,3,2,2,2,1,4,5,4,5,3,3,89,Human-Assisted Automation,Medium,Medium
P0197,Insurance claim review,"Receive claim, extract documents, assess policy coverage, investigate exceptions, approve or reject claim",Insurance,Sales,2,3,3,3,3,5,3,5,5,5,2,2,3,5,79,Human-Assisted Automation,High,Medium
P0198,Student enquiry triage,"Receive enquiry, classify category, retrieve student record, provide response or escalate",Retail,HR,2,2,3,5,2,1,3,1,2,1,2,4,2,4,70,AI Agent,Medium,Low
P0199,Student enquiry triage,"Receive enquiry, classify category, retrieve student record, provide response or escalate",Manufacturing,IT,3,4,2,4,2,2,2,5,1,5,4,2,4,4,97,Workflow Automation,Medium,Medium
P0200,Employee onboarding,"Collect employee details, verify documents, create accounts, send welcome communication, update HR system",Insurance,Customer Service,4,3,4,1,4,1,4,3,2,1,1,5,3,5,100,Workflow Automation,Low,Medium
P0201,Customer complaint handling,"Receive complaint, review customer history, investigate issue, decide resolution, respond to customer",Education,HR,3,1,3,4,5,5,1,5,3,4,3,4,2,5,100,AI Agent,Medium,Medium
P0202,Invoice processing,"Receive invoice, validate supplier details, match purchase order, enter details into ERP, route exceptions for approval",Manufacturing,Claims,5,5,4,5,3,5,3,4,3,2,4,4,4,1,100,Intelligent Document Processing,Medium,High
P0203,Refund processing,"Receive refund request, check eligibility, calculate refund, process payment, notify customer",Government,Sales,4,5,1,4,5,4,3,4,3,1,1,5,2,1,100,Workflow Automation,Medium,Medium
P0204,Regulatory reporting,"Collect transaction data, validate calculations, prepare report, obtain compliance review, submit to regulator",Education,Customer Service,5,1,4,4,5,5,2,5,5,3,1,3,2,2,100,AI Copilot,High,Medium
P0205,Contract review,"Receive contract, review clauses, identify legal risk, negotiate changes, obtain signoff",Healthcare,IT,4,2,1,3,3,4,2,5,3,4,3,5,1,3,100,Workflow Automation,Medium,Medium
P0206,Employee onboarding,"Collect employee details, verify documents, create accounts, send welcome communication, update HR system",Telecommunications,Compliance,2,1,2,5,1,4,5,5,2,1,1,2,4,4,44,AI Agent,High,Medium
P0207,Regulatory reporting,"Collect transaction data, validate calculations, prepare report, obtain compliance review, submit to regulator",Healthcare,IT,1,5,2,4,3,3,4,5,4,5,1,5,2,3,67,Human-Assisted Automation,High,Medium
P0208,IT incident routing,"Receive incident, classify priority, assign resolver group, monitor SLA, close ticket",Finance,IT,4,5,1,2,4,5,3,2,2,2,5,5,2,4,100,RPA,Low,High
P0209,Employee onboarding,"Collect employee details, verify documents, create accounts, send welcome communication, update HR system",Telecommunications,Claims,3,2,1,4,4,5,1,4,4,2,4,5,5,5,100,AI Copilot,Medium,High
P0210,Inventory replenishment,"Check stock level, forecast demand, create replenishment order, notify warehouse",Manufacturing,Claims,5,5,4,2,4,5,3,1,3,2,2,4,2,2,100,RPA,Low,Medium
P0211,Refund processing,"Receive refund request, check eligibility, calculate refund, process payment, notify customer",Telecommunications,Sales,5,5,2,3,4,4,1,4,1,4,5,4,3,4,100,Workflow Automation,Medium,High
P0212,Password reset,"Receive access request, verify identity, reset password, notify user, close ticket",Logistics,Customer Service,4,4,3,2,3,4,5,1,1,2,2,5,2,2,100,RPA,Low,Medium
P0213,Student enquiry triage,"Receive enquiry, classify category, retrieve student record, provide response or escalate",Finance,Sales,4,1,1,2,1,3,1,5,5,5,1,2,5,2,38,Human-Assisted Automation,High,Medium
P0214,Employee onboarding,"Collect employee details, verify documents, create accounts, send welcome communication, update HR system",Manufacturing,IT,2,5,2,4,5,5,4,5,3,3,3,2,4,1,100,Workflow Automation,High,Medium
P0215,Refund processing,"Receive refund request, check eligibility, calculate refund, process payment, notify customer",Telecommunications,Customer Service,5,4,3,1,5,3,3,3,3,1,2,5,5,2,100,Workflow Automation,Low,High
P0216,Refund processing,"Receive refund request, check eligibility, calculate refund, process payment, notify customer",Telecommunications,Claims,4,5,1,4,4,5,1,1,1,3,4,5,4,5,100,RPA,Low,High
P0217,Regulatory reporting,"Collect transaction data, validate calculations, prepare report, obtain compliance review, submit to regulator",Manufacturing,Claims,1,3,4,5,3,5,2,1,3,5,3,4,5,4,100,AI Agent,Medium,High
P0218,Contract review,"Receive contract, review clauses, identify legal risk, negotiate changes, obtain signoff",Logistics,IT,2,2,5,4,5,5,1,5,3,3,2,4,1,5,100,AI Agent,Medium,Medium
P0219,KYC verification,"Collect identity documents, verify data, check sanctions list, escalate suspicious cases",Insurance,Finance,1,2,2,5,1,5,3,4,4,3,4,4,1,1,43,Intelligent Document Processing,High,Medium
P0220,Customer complaint handling,"Receive complaint, review customer history, investigate issue, decide resolution, respond to customer",Education,IT,2,2,3,3,5,1,5,2,4,4,5,3,3,4,81,Human-Assisted Automation,High,Medium
P0221,Contract review,"Receive contract, review clauses, identify legal risk, negotiate changes, obtain signoff",Healthcare,Finance,2,4,5,4,2,1,4,2,3,5,5,2,5,3,92,RPA,High,Medium
P0222,Password reset,"Receive access request, verify identity, reset password, notify user, close ticket",Finance,IT,5,5,5,4,5,5,4,1,1,4,4,3,5,2,100,RPA,Medium,High
P0223,Invoice processing,"Receive invoice, validate supplier details, match purchase order, enter details into ERP, route exceptions for approval",Education,Customer Service,5,4,4,5,3,5,2,3,3,5,1,5,2,1,100,Intelligent Document Processing,High,Medium
P0224,Student enquiry triage,"Receive enquiry, classify category, retrieve student record, provide response or escalate",Finance,Sales,5,3,3,3,3,2,1,2,4,5,1,4,3,4,100,Human-Assisted Automation,Medium,Medium
P0225,Refund processing,"Receive refund request, check eligibility, calculate refund, process payment, notify customer",Insurance,Claims,5,5,1,3,4,5,1,5,2,1,5,5,5,1,100,Workflow Automation,Medium,High
P0226,Refund processing,"Receive refund request, check eligibility, calculate refund, process payment, notify customer",Insurance,Claims,5,5,3,5,5,4,1,4,3,3,3,4,1,4,100,Workflow Automation,Medium,Medium
P0227,Customer complaint handling,"Receive complaint, review customer history, investigate issue, decide resolution, respond to customer",Banking,Operations,4,4,1,4,5,4,2,1,4,3,1,4,3,3,100,AI Copilot,Medium,Medium
P0228,Password reset,"Receive access request, verify identity, reset password, notify user, close ticket",Logistics,Procurement,4,4,4,3,4,3,2,1,1,1,2,3,2,5,100,RPA,Low,Medium
P0229,Refund processing,"Receive refund request, check eligibility, calculate refund, process payment, notify customer",Banking,Procurement,4,5,4,3,4,5,5,5,3,1,2,3,1,2,100,Workflow Automation,Medium,Medium
P0230,Contract review,"Receive contract, review clauses, identify legal risk, negotiate changes, obtain signoff",Insurance,Sales,2,2,1,4,3,1,2,1,4,3,3,3,3,2,49,AI Copilot,Medium,Medium
P0231,Employee onboarding,"Collect employee details, verify documents, create accounts, send welcome communication, update HR system",Retail,HR,2,1,3,1,2,4,3,4,2,3,3,1,5,1,82,Workflow Automation,Medium,Medium
P0232,Student enquiry triage,"Receive enquiry, classify category, retrieve student record, provide response or escalate",Retail,Finance,5,3,3,2,4,5,2,3,1,1,5,3,1,4,100,Workflow Automation,Low,Medium
P0233,Inventory replenishment,"Check stock level, forecast demand, create replenishment order, notify warehouse",Manufacturing,Claims,5,5,2,4,5,4,4,1,2,3,4,4,2,3,100,RPA,Medium,Medium
P0234,Regulatory reporting,"Collect transaction data, validate calculations, prepare report, obtain compliance review, submit to regulator",Retail,Procurement,1,3,5,5,1,3,3,5,5,5,3,5,4,1,56,Human-Assisted Automation,High,High
P0235,Contract review,"Receive contract, review clauses, identify legal risk, negotiate changes, obtain signoff",Healthcare,IT,1,1,1,5,3,1,1,4,5,5,3,5,3,1,8,Do Not Automate,High,Medium
P0236,Expense reimbursement,"Receive expense claim, check policy rules, validate receipt, approve payment, update finance system",Telecommunications,Claims,5,4,3,4,4,5,4,4,1,5,2,4,4,1,100,Intelligent Document Processing,High,High
P0237,Student enquiry triage,"Receive enquiry, classify category, retrieve student record, provide response or escalate",Manufacturing,HR,5,3,3,1,3,2,1,4,4,3,3,1,1,5,100,AI Copilot,Medium,Low
P0238,Expense reimbursement,"Receive expense claim, check policy rules, validate receipt, approve payment, update finance system",Logistics,Compliance,4,5,2,1,5,4,4,4,3,4,2,5,1,1,100,Intelligent Document Processing,Medium,Medium
P0239,Insurance claim review,"Receive claim, extract documents, assess policy coverage, investigate exceptions, approve or reject claim",Education,Compliance,2,3,4,3,4,5,5,3,5,4,4,2,2,4,97,Human-Assisted Automation,High,Medium
P0240,Invoice processing,"Receive invoice, validate supplier details, match purchase order, enter details into ERP, route exceptions for approval",Finance,Compliance,5,4,3,1,3,5,4,5,1,4,5,3,3,3,100,Intelligent Document Processing,Medium,High
P0241,Invoice processing,"Receive invoice, validate supplier details, match purchase order, enter details into ERP, route exceptions for approval",Insurance,Sales,5,5,3,4,3,4,2,3,1,1,1,3,2,1,100,Intelligent Document Processing,Low,Medium
P0242,Insurance claim review,"Receive claim, extract documents, assess policy coverage, investigate exceptions, approve or reject claim",Banking,Procurement,5,1,2,5,3,5,5,1,4,4,5,5,4,1,98,Human-Assisted Automation,High,High
P0243,KYC verification,"Collect identity documents, verify data, check sanctions list, escalate suspicious cases",Healthcare,Customer Service,3,4,3,3,2,5,1,1,3,5,4,4,4,5,100,Intelligent Document Processing,Medium,High
P0244,KYC verification,"Collect identity documents, verify data, check sanctions list, escalate suspicious cases",Finance,Finance,3,4,2,3,4,4,2,4,5,4,4,3,3,3,100,Human-Assisted Automation,High,Medium
P0245,Student enquiry triage,"Receive enquiry, classify category, retrieve student record, provide response or escalate",Education,IT,4,1,4,3,5,4,4,5,4,2,3,3,1,1,98,AI Copilot,High,Medium
P0246,Purchase order approval,"Receive purchase request, check budget, validate supplier, route approval, issue purchase order",Banking,Claims,4,5,4,3,5,5,2,5,2,1,4,5,3,2,100,RPA,Medium,High
P0247,Employee onboarding,"Collect employee details, verify documents, create accounts, send welcome communication, update HR system",Healthcare,Student Services,4,2,5,1,3,3,3,1,2,1,1,2,1,5,100,RPA,Low,Low
P0248,Invoice processing,"Receive invoice, validate supplier details, match purchase order, enter details into ERP, route exceptions for approval",Education,Claims,5,5,2,5,3,5,2,4,1,3,1,5,5,4,100,Intelligent Document Processing,Medium,High
P0249,Refund processing,"Receive refund request, check eligibility, calculate refund, process payment, notify customer",Insurance,Finance,4,4,1,2,4,4,1,5,2,3,2,5,1,4,100,Workflow Automation,Medium,Medium
P0250,KYC verification,"Collect identity documents, verify data, check sanctions list, escalate suspicious cases",Logistics,Operations,5,4,2,3,5,4,5,5,5,5,4,5,3,2,100,Human-Assisted Automation,High,High
P0251,Refund processing,"Receive refund request, check eligibility, calculate refund, process payment, notify customer",Finance,Finance,4,4,1,2,5,3,2,3,1,3,2,3,1,1,100,Workflow Automation,Low,Low
P0252,Insurance claim review,"Receive claim, extract documents, assess policy coverage, investigate exceptions, approve or reject claim",Education,Student Services,3,4,3,5,4,4,4,3,5,5,2,5,4,5,100,Human-Assisted Automation,High,High
P0253,KYC verification,"Collect identity documents, verify data, check sanctions list, escalate suspicious cases",Education,IT,2,1,2,4,5,4,2,1,4,4,3,1,2,5,78,Human-Assisted Automation,Medium,Medium
P0254,Customer complaint handling,"Receive complaint, review customer history, investigate issue, decide resolution, respond to customer",Banking,HR,5,4,3,3,5,3,2,2,3,3,3,2,1,3,100,RPA,Medium,Low
P0255,Employee onboarding,"Collect employee details, verify documents, create accounts, send welcome communication, update HR system",Healthcare,Finance,4,3,3,4,4,3,3,4,3,2,2,2,3,5,100,Workflow Automation,Medium,Medium
P0256,Expense reimbursement,"Receive expense claim, check policy rules, validate receipt, approve payment, update finance system",Healthcare,Customer Service,5,5,4,3,4,4,3,2,3,3,4,4,3,1,100,Intelligent Document Processing,Medium,High
P0257,KYC verification,"Collect identity documents, verify data, check sanctions list, escalate suspicious cases",Healthcare,Finance,1,4,2,4,1,5,3,3,5,4,1,2,3,3,48,Human-Assisted Automation,High,Medium
P0258,Expense reimbursement,"Receive expense claim, check policy rules, validate receipt, approve payment, update finance system",Government,Claims,4,4,4,3,3,4,2,3,2,5,1,4,4,3,100,Intelligent Document Processing,Medium,Medium
P0259,Purchase order approval,"Receive purchase request, check budget, validate supplier, route approval, issue purchase order",Finance,Customer Service,5,5,5,4,4,5,4,1,3,4,4,3,5,4,100,RPA,Medium,High
P0260,IT incident routing,"Receive incident, classify priority, assign resolver group, monitor SLA, close ticket",Healthcare,Student Services,5,5,5,2,5,4,2,3,3,3,3,3,2,3,100,Workflow Automation,Medium,Medium
P0261,Expense reimbursement,"Receive expense claim, check policy rules, validate receipt, approve payment, update finance system",Education,Claims,4,5,3,1,5,4,1,1,3,2,1,4,1,1,100,Intelligent Document Processing,Low,Medium
P0262,Student enquiry triage,"Receive enquiry, classify category, retrieve student record, provide response or escalate",Government,Operations,2,1,1,2,5,3,1,1,4,5,5,1,4,3,78,Human-Assisted Automation,Medium,Medium
P0263,Refund processing,"Receive refund request, check eligibility, calculate refund, process payment, notify customer",Manufacturing,HR,4,4,3,1,5,5,5,2,3,3,1,5,2,1,100,RPA,Medium,Medium
P0264,Purchase order approval,"Receive purchase request, check budget, validate supplier, route approval, issue purchase order",Logistics,Operations,5,5,1,1,3,4,1,3,2,1,2,5,2,2,100,Workflow Automation,Low,Medium
P0265,Employee onboarding,"Collect employee details, verify documents, create accounts, send welcome communication, update HR system",Logistics,Operations,4,3,1,4,3,2,3,1,5,4,4,4,4,2,87,Human-Assisted Automation,Medium,Medium
P0266,Purchase order approval,"Receive purchase request, check budget, validate supplier, route approval, issue purchase order",Telecommunications,HR,4,5,3,4,3,3,2,2,2,5,5,3,2,1,100,RPA,Medium,Medium
P0267,Sales lead qualification,"Receive lead, check company details, score fit, assign to salesperson, update CRM",Finance,Sales,5,4,3,3,2,4,2,2,5,3,5,2,5,1,100,AI Copilot,Medium,High
P0268,Sales lead qualification,"Receive lead, check company details, score fit, assign to salesperson, update CRM",Insurance,Student Services,2,5,5,2,3,1,4,2,3,1,5,3,4,2,100,RPA,Medium,Medium
P0269,Contract review,"Receive contract, review clauses, identify legal risk, negotiate changes, obtain signoff",Education,Student Services,5,1,5,3,2,1,1,5,3,4,3,5,4,1,100,Workflow Automation,Medium,Medium
P0270,Inventory replenishment,"Check stock level, forecast demand, create replenishment order, notify warehouse",Insurance,HR,4,4,1,2,4,4,3,1,1,2,4,5,4,4,100,RPA,Low,High
P0271,Password reset,"Receive access request, verify identity, reset password, notify user, close ticket",Telecommunications,Student Services,4,5,2,2,3,3,3,5,1,1,4,4,3,3,100,Workflow Automation,Medium,Medium
P0272,Purchase order approval,"Receive purchase request, check budget, validate supplier, route approval, issue purchase order",Government,Customer Service,5,4,1,2,5,5,3,1,1,2,4,4,1,2,100,RPA,Low,Medium
P0273,Refund processing,"Receive refund request, check eligibility, calculate refund, process payment, notify customer",Retail,IT,4,5,1,2,4,5,4,4,2,2,1,5,3,2,100,Workflow Automation,Medium,Medium
P0274,Password reset,"Receive access request, verify identity, reset password, notify user, close ticket",Manufacturing,IT,5,4,4,2,4,5,1,4,1,5,1,5,1,4,100,RPA,Medium,Medium
P0275,Sales lead qualification,"Receive lead, check company details, score fit, assign to salesperson, update CRM",Finance,Sales,3,3,4,2,3,2,5,5,4,2,1,4,1,1,82,Workflow Automation,High,Low
P0276,Regulatory reporting,"Collect transaction data, validate calculations, prepare report, obtain compliance review, submit to regulator",Government,Sales,1,1,5,3,3,3,5,4,5,3,1,5,1,2,46,AI Copilot,High,Medium
P0277,Purchase order approval,"Receive purchase request, check budget, validate supplier, route approval, issue purchase order",Insurance,Procurement,4,4,3,2,5,4,5,1,3,1,3,3,3,3,100,RPA,Medium,Medium
P0278,Password reset,"Receive access request, verify identity, reset password, notify user, close ticket",Government,Compliance,5,4,2,1,3,5,5,2,3,2,1,4,1,2,100,RPA,Medium,Medium
P0279,Purchase order approval,"Receive purchase request, check budget, validate supplier, route approval, issue purchase order",Healthcare,Student Services,5,5,3,5,3,4,4,3,3,5,4,4,3,2,100,Workflow Automation,High,High
P0280,Regulatory reporting,"Collect transaction data, validate calculations, prepare report, obtain compliance review, submit to regulator",Finance,HR,4,5,3,4,3,3,4,5,5,3,3,3,1,1,95,Workflow Automation,High,Medium
P0281,Purchase order approval,"Receive purchase request, check budget, validate supplier, route approval, issue purchase order",Finance,Procurement,4,4,4,1,5,4,1,5,1,5,1,5,3,1,100,RPA,Medium,Medium
P0282,Purchase order approval,"Receive purchase request, check budget, validate supplier, route approval, issue purchase order",Banking,Compliance,5,4,5,3,5,4,5,5,1,4,4,5,4,2,100,RPA,High,High
P0283,Customer complaint handling,"Receive complaint, review customer history, investigate issue, decide resolution, respond to customer",Banking,Student Services,5,3,4,4,5,4,2,3,5,3,2,2,4,2,100,AI Copilot,Medium,Medium
P0284,Purchase order approval,"Receive purchase request, check budget, validate supplier, route approval, issue purchase order",Government,Student Services,5,5,5,2,4,5,2,4,1,4,1,5,3,3,100,RPA,Medium,Medium
P0285,KYC verification,"Collect identity documents, verify data, check sanctions list, escalate suspicious cases",Retail,Claims,5,5,3,4,3,5,1,1,5,4,3,1,3,1,100,Human-Assisted Automation,Medium,Medium
P0286,IT incident routing,"Receive incident, classify priority, assign resolver group, monitor SLA, close ticket",Government,Claims,4,4,5,4,5,4,2,2,3,3,4,3,5,2,100,RPA,Medium,High
P0287,Contract review,"Receive contract, review clauses, identify legal risk, negotiate changes, obtain signoff",Insurance,Sales,3,2,3,3,3,1,3,4,3,4,4,5,1,2,85,Workflow Automation,Medium,Medium
P0288,Invoice processing,"Receive invoice, validate supplier details, match purchase order, enter details into ERP, route exceptions for approval",Government,HR,4,4,3,2,3,4,3,3,3,2,4,3,2,1,100,Intelligent Document Processing,Medium,Medium
P0289,Regulatory reporting,"Collect transaction data, validate calculations, prepare report, obtain compliance review, submit to regulator",Retail,Student Services,3,5,5,3,5,4,4,1,3,4,2,1,3,5,100,RPA,Medium,Medium
P0290,Regulatory reporting,"Collect transaction data, validate calculations, prepare report, obtain compliance review, submit to regulator",Telecommunications,Student Services,5,1,4,4,4,5,1,4,3,4,5,3,2,5,100,AI Agent,Medium,High
P0291,KYC verification,"Collect identity documents, verify data, check sanctions list, escalate suspicious cases",Logistics,Procurement,5,3,3,4,2,5,5,1,3,5,2,1,4,1,96,Intelligent Document Processing,High,Medium
P0292,Regulatory reporting,"Collect transaction data, validate calculations, prepare report, obtain compliance review, submit to regulator",Manufacturing,IT,4,3,3,5,1,4,4,5,3,4,1,4,2,3,77,Workflow Automation,High,Medium
P0293,Insurance claim review,"Receive claim, extract documents, assess policy coverage, investigate exceptions, approve or reject claim",Banking,Finance,4,3,2,5,5,5,1,4,3,4,4,5,3,3,100,Intelligent Document Processing,Medium,High
P0294,Student enquiry triage,"Receive enquiry, classify category, retrieve student record, provide response or escalate",Healthcare,Sales,3,4,5,5,5,4,3,4,3,5,3,1,3,3,100,Workflow Automation,High,Medium
P0295,Employee onboarding,"Collect employee details, verify documents, create accounts, send welcome communication, update HR system",Retail,Compliance,2,3,2,5,1,1,3,3,4,2,3,3,3,2,46,Workflow Automation,Medium,Medium
P0296,IT incident routing,"Receive incident, classify priority, assign resolver group, monitor SLA, close ticket",Government,Procurement,5,4,1,5,5,3,4,2,2,1,1,3,5,3,100,RPA,Medium,Medium
P0297,Expense reimbursement,"Receive expense claim, check policy rules, validate receipt, approve payment, update finance system",Insurance,Customer Service,5,4,4,1,4,4,2,5,1,2,5,4,1,2,100,Intelligent Document Processing,Low,Medium
P0298,Customer complaint handling,"Receive complaint, review customer history, investigate issue, decide resolution, respond to customer",Healthcare,Operations,4,2,4,5,4,4,2,2,5,4,3,1,3,5,91,Human-Assisted Automation,High,Medium
P0299,Refund processing,"Receive refund request, check eligibility, calculate refund, process payment, notify customer",Retail,Claims,5,4,2,5,5,4,2,2,1,3,3,5,2,5,100,RPA,Medium,Medium
P0300,Contract review,"Receive contract, review clauses, identify legal risk, negotiate changes, obtain signoff",Logistics,Student Services,1,4,5,3,3,1,4,4,4,3,2,2,5,1,74,Workflow Automation,High,Medium
P0301,Invoice processing,"Receive invoice, validate supplier details, match purchase order, enter details into ERP, route exceptions for approval",Healthcare,Finance,5,5,4,5,4,4,3,2,3,5,5,5,2,4,100,Intelligent Document Processing,High,High
P0302,Regulatory reporting,"Collect transaction data, validate calculations, prepare report, obtain compliance review, submit to regulator",Education,Finance,5,2,2,5,2,4,2,5,3,3,3,4,4,1,100,AI Agent,High,High
P0303,Invoice processing,"Receive invoice, validate supplier details, match purchase order, enter details into ERP, route exceptions for approval",Retail,Operations,4,5,3,1,4,5,2,5,1,2,5,3,3,2,100,Intelligent Document Processing,Low,High
P0304,Sales lead qualification,"Receive lead, check company details, score fit, assign to salesperson, update CRM",Banking,Compliance,2,5,2,2,5,3,1,2,2,2,4,4,2,3,100,RPA,Low,Medium
P0305,Sales lead qualification,"Receive lead, check company details, score fit, assign to salesperson, update CRM",Finance,IT,5,3,4,5,4,1,3,1,5,2,4,2,1,5,100,AI Copilot,Medium,Low
P0306,Customer complaint handling,"Receive complaint, review customer history, investigate issue, decide resolution, respond to customer",Finance,Customer Service,4,5,4,5,5,2,4,5,3,5,1,2,1,5,99,Workflow Automation,High,Low
P0307,Expense reimbursement,"Receive expense claim, check policy rules, validate receipt, approve payment, update finance system",Government,Procurement,4,4,2,2,4,5,3,2,2,2,1,5,5,5,100,Intelligent Document Processing,Low,High
P0308,Regulatory reporting,"Collect transaction data, validate calculations, prepare report, obtain compliance review, submit to regulator",Manufacturing,Sales,1,4,4,4,1,4,3,4,5,4,4,5,5,5,98,Human-Assisted Automation,High,High
P0309,Purchase order approval,"Receive purchase request, check budget, validate supplier, route approval, issue purchase order",Healthcare,IT,4,5,5,3,3,5,3,4,1,1,2,5,1,3,100,RPA,Medium,Medium
P0310,Purchase order approval,"Receive purchase request, check budget, validate supplier, route approval, issue purchase order",Logistics,Customer Service,4,4,4,2,4,3,5,2,3,4,5,5,2,3,100,RPA,Medium,High
P0311,Refund processing,"Receive refund request, check eligibility, calculate refund, process payment, notify customer",Government,Operations,5,5,5,2,5,5,4,2,1,4,4,5,4,3,100,RPA,Medium,High
P0312,Regulatory reporting,"Collect transaction data, validate calculations, prepare report, obtain compliance review, submit to regulator",Retail,Finance,1,4,4,5,2,1,2,2,4,3,3,3,3,1,57,AI Copilot,Medium,Medium
P0313,Password reset,"Receive access request, verify identity, reset password, notify user, close ticket",Retail,Claims,5,5,1,3,3,4,2,2,2,5,1,3,3,1,100,RPA,Medium,Medium
P0314,Password reset,"Receive access request, verify identity, reset password, notify user, close ticket",Telecommunications,Compliance,4,4,4,5,5,5,3,3,3,4,3,3,5,4,100,Workflow Automation,High,High
P0315,Regulatory reporting,"Collect transaction data, validate calculations, prepare report, obtain compliance review, submit to regulator",Telecommunications,Operations,5,2,3,5,3,4,1,4,3,4,2,5,3,5,100,AI Agent,Medium,Medium
P0316,Employee onboarding,"Collect employee details, verify documents, create accounts, send welcome communication, update HR system",Healthcare,Operations,1,5,2,4,3,4,2,3,1,1,5,2,5,4,100,Workflow Automation,Low,High
P0317,Expense reimbursement,"Receive expense claim, check policy rules, validate receipt, approve payment, update finance system",Insurance,Student Services,5,5,3,4,3,5,3,1,2,4,4,3,4,5,100,Intelligent Document Processing,Medium,High
P0318,Expense reimbursement,"Receive expense claim, check policy rules, validate receipt, approve payment, update finance system",Education,Operations,4,5,3,3,5,4,2,1,2,1,5,4,5,4,100,Intelligent Document Processing,Low,High
P0319,Sales lead qualification,"Receive lead, check company details, score fit, assign to salesperson, update CRM",Telecommunications,Sales,4,4,2,2,4,3,1,2,1,4,4,2,1,1,100,RPA,Low,Medium
P0320,Refund processing,"Receive refund request, check eligibility, calculate refund, process payment, notify customer",Logistics,Operations,5,5,1,1,5,4,5,1,1,5,2,3,4,4,100,RPA,Medium,Medium
P0321,Purchase order approval,"Receive purchase request, check budget, validate supplier, route approval, issue purchase order",Retail,Customer Service,4,4,4,1,4,4,5,1,2,3,5,3,5,4,100,RPA,Medium,High
P0322,Customer complaint handling,"Receive complaint, review customer history, investigate issue, decide resolution, respond to customer",Insurance,Compliance,1,3,3,3,5,5,3,2,3,5,3,2,1,2,95,RPA,Medium,Medium
P0323,Sales lead qualification,"Receive lead, check company details, score fit, assign to salesperson, update CRM",Logistics,Customer Service,2,2,3,4,2,2,5,1,4,5,4,4,5,2,62,Human-Assisted Automation,High,High
P0324,Employee onboarding,"Collect employee details, verify documents, create accounts, send welcome communication, update HR system",Manufacturing,Procurement,4,3,2,1,2,5,5,2,5,2,3,4,5,2,100,AI Copilot,Medium,High
P0325,Insurance claim review,"Receive claim, extract documents, assess policy coverage, investigate exceptions, approve or reject claim",Education,Procurement,1,3,3,5,5,5,4,1,5,3,1,5,1,5,97,Intelligent Document Processing,High,Medium
P0326,Password reset,"Receive access request, verify identity, reset password, notify user, close ticket",Education,Operations,4,5,2,5,3,5,3,3,3,1,3,5,3,3,100,Workflow Automation,Medium,High
P0327,Expense reimbursement,"Receive expense claim, check policy rules, validate receipt, approve payment, update finance system",Banking,IT,5,5,3,2,4,4,2,5,2,5,3,5,1,2,100,Intelligent Document Processing,Medium,Medium
P0328,Employee onboarding,"Collect employee details, verify documents, create accounts, send welcome communication, update HR system",Government,Customer Service,1,2,3,2,4,2,5,5,3,1,4,2,1,3,73,Workflow Automation,Medium,Low
P0329,Refund processing,"Receive refund request, check eligibility, calculate refund, process payment, notify customer",Insurance,IT,5,5,2,1,3,5,5,5,2,2,1,4,3,1,100,Workflow Automation,Medium,Medium
P0330,Student enquiry triage,"Receive enquiry, classify category, retrieve student record, provide response or escalate",Manufacturing,Student Services,3,4,5,4,5,3,3,1,5,1,2,1,1,5,100,AI Copilot,Medium,Low
P0331,KYC verification,"Collect identity documents, verify data, check sanctions list, escalate suspicious cases",Government,Finance,3,4,4,5,4,4,4,4,5,5,3,1,2,4,85,Human-Assisted Automation,High,Medium
P0332,KYC verification,"Collect identity documents, verify data, check sanctions list, escalate suspicious cases",Education,Finance,5,2,4,4,1,5,3,5,5,4,4,2,5,2,95,Human-Assisted Automation,High,High
P0333,Regulatory reporting,"Collect transaction data, validate calculations, prepare report, obtain compliance review, submit to regulator",Banking,Operations,3,2,3,5,5,4,2,5,4,5,5,1,1,5,88,Human-Assisted Automation,High,Medium
P0334,Insurance claim review,"Receive claim, extract documents, assess policy coverage, investigate exceptions, approve or reject claim",Banking,Operations,5,3,2,4,3,5,5,2,3,3,5,5,1,3,100,Intelligent Document Processing,Medium,High
P0335,Customer complaint handling,"Receive complaint, review customer history, investigate issue, decide resolution, respond to customer",Banking,Claims,2,2,2,3,2,5,1,2,5,4,5,2,1,5,81,Human-Assisted Automation,Medium,Medium
P0336,Sales lead qualification,"Receive lead, check company details, score fit, assign to salesperson, update CRM",Insurance,Student Services,2,3,1,3,1,1,5,3,3,3,2,1,2,5,41,Workflow Automation,Medium,Low
P0337,Regulatory reporting,"Collect transaction data, validate calculations, prepare report, obtain compliance review, submit to regulator",Insurance,Procurement,3,5,1,4,3,4,5,4,5,5,4,1,5,4,78,Human-Assisted Automation,High,Medium
P0338,Customer complaint handling,"Receive complaint, review customer history, investigate issue, decide resolution, respond to customer",Education,Customer Service,1,1,3,4,5,3,2,5,4,5,5,2,5,2,65,Human-Assisted Automation,High,High
P0339,Inventory replenishment,"Check stock level, forecast demand, create replenishment order, notify warehouse",Manufacturing,Finance,5,4,5,5,5,4,1,3,1,2,5,3,3,5,100,RPA,Medium,High
P0340,Insurance claim review,"Receive claim, extract documents, assess policy coverage, investigate exceptions, approve or reject claim",Telecommunications,Finance,3,5,2,3,2,5,4,2,5,4,1,1,4,5,91,Human-Assisted Automation,High,Medium
P0341,Insurance claim review,"Receive claim, extract documents, assess policy coverage, investigate exceptions, approve or reject claim",Telecommunications,HR,1,2,2,3,3,5,1,2,4,5,2,1,4,4,62,Human-Assisted Automation,Medium,Medium
P0342,Regulatory reporting,"Collect transaction data, validate calculations, prepare report, obtain compliance review, submit to regulator",Government,IT,1,2,2,4,4,2,5,4,5,5,5,3,5,5,58,Human-Assisted Automation,High,High
P0343,Regulatory reporting,"Collect transaction data, validate calculations, prepare report, obtain compliance review, submit to regulator",Manufacturing,HR,4,2,4,5,1,1,4,4,4,3,4,2,5,5,71,AI Copilot,High,Medium
P0344,Password reset,"Receive access request, verify identity, reset password, notify user, close ticket",Banking,Sales,4,5,5,1,4,4,5,4,1,3,2,5,5,3,100,RPA,Medium,High
P0345,Sales lead qualification,"Receive lead, check company details, score fit, assign to salesperson, update CRM",Healthcare,Procurement,1,1,1,5,1,2,1,2,1,1,2,3,5,1,49,AI Agent,Low,Medium
P0346,Customer complaint handling,"Receive complaint, review customer history, investigate issue, decide resolution, respond to customer",Education,Student Services,4,2,5,4,3,3,4,1,5,3,2,2,3,4,98,AI Copilot,Medium,Medium
P0347,Sales lead qualification,"Receive lead, check company details, score fit, assign to salesperson, update CRM",Logistics,Customer Service,3,1,1,5,5,3,1,2,5,2,2,5,3,5,79,AI Copilot,Medium,Medium
P0348,Student enquiry triage,"Receive enquiry, classify category, retrieve student record, provide response or escalate",Finance,Procurement,5,2,1,5,4,1,1,1,4,4,3,5,3,3,94,Human-Assisted Automation,Medium,Medium
P0349,Inventory replenishment,"Check stock level, forecast demand, create replenishment order, notify warehouse",Manufacturing,Student Services,5,4,2,2,5,4,4,2,1,3,4,3,1,3,100,RPA,Medium,Medium
P0350,Customer complaint handling,"Receive complaint, review customer history, investigate issue, decide resolution, respond to customer",Insurance,Student Services,2,3,5,4,5,4,1,5,3,3,4,1,3,1,100,AI Agent,Medium,Medium
P0351,Customer complaint handling,"Receive complaint, review customer history, investigate issue, decide resolution, respond to customer",Finance,Customer Service,1,5,2,3,4,4,2,1,3,3,2,1,5,3,100,RPA,Medium,Medium
P0352,Expense reimbursement,"Receive expense claim, check policy rules, validate receipt, approve payment, update finance system",Banking,Student Services,4,4,4,1,3,5,3,4,2,3,1,3,1,3,100,Intelligent Document Processing,Medium,Medium
P0353,Expense reimbursement,"Receive expense claim, check policy rules, validate receipt, approve payment, update finance system",Insurance,Finance,4,5,4,3,3,4,1,4,3,1,4,3,5,1,100,Intelligent Document Processing,Medium,High
P0354,Regulatory reporting,"Collect transaction data, validate calculations, prepare report, obtain compliance review, submit to regulator",Manufacturing,Sales,1,5,1,5,4,4,5,3,5,4,2,3,1,4,54,Human-Assisted Automation,High,Medium
P0355,Insurance claim review,"Receive claim, extract documents, assess policy coverage, investigate exceptions, approve or reject claim",Logistics,Finance,4,4,2,3,1,4,1,1,4,4,3,2,4,5,100,Human-Assisted Automation,Medium,Medium
P0356,Purchase order approval,"Receive purchase request, check budget, validate supplier, route approval, issue purchase order",Healthcare,Finance,4,5,4,4,4,3,5,1,2,2,4,5,4,3,100,RPA,Medium,High
P0357,Contract review,"Receive contract, review clauses, identify legal risk, negotiate changes, obtain signoff",Banking,HR,1,1,3,3,2,1,1,4,5,3,3,3,1,5,35,Workflow Automation,Medium,Low
P0358,IT incident routing,"Receive incident, classify priority, assign resolver group, monitor SLA, close ticket",Finance,Procurement,5,5,1,2,3,3,5,3,1,1,3,5,3,2,100,Workflow Automation,Medium,Medium
P0359,Regulatory reporting,"Collect transaction data, validate calculations, prepare report, obtain compliance review, submit to regulator",Healthcare,Sales,3,4,2,3,3,3,4,3,4,3,5,2,2,2,100,Workflow Automation,Medium,Medium
P0360,Sales lead qualification,"Receive lead, check company details, score fit, assign to salesperson, update CRM",Logistics,IT,5,1,1,1,5,1,2,2,4,1,4,4,5,2,100,AI Copilot,Low,Medium
P0361,Inventory replenishment,"Check stock level, forecast demand, create replenishment order, notify warehouse",Telecommunications,Procurement,5,4,4,2,5,4,1,1,1,4,2,5,3,1,100,RPA,Low,Medium
P0362,Student enquiry triage,"Receive enquiry, classify category, retrieve student record, provide response or escalate",Logistics,Claims,5,2,2,4,2,3,5,1,2,3,3,2,4,3,100,AI Agent,Medium,Medium
P0363,Purchase order approval,"Receive purchase request, check budget, validate supplier, route approval, issue purchase order",Insurance,Compliance,4,5,5,5,5,3,2,3,3,4,3,3,3,3,100,Workflow Automation,Medium,Medium
P0364,Customer complaint handling,"Receive complaint, review customer history, investigate issue, decide resolution, respond to customer",Healthcare,IT,4,4,2,3,1,1,4,3,4,5,2,4,4,2,72,Human-Assisted Automation,High,Medium
P0365,KYC verification,"Collect identity documents, verify data, check sanctions list, escalate suspicious cases",Insurance,Operations,5,1,3,4,1,4,3,5,4,4,1,1,3,3,58,Human-Assisted Automation,High,Low
P0366,Expense reimbursement,"Receive expense claim, check policy rules, validate receipt, approve payment, update finance system",Insurance,Sales,4,4,2,5,4,4,4,3,2,1,1,4,4,3,100,Intelligent Document Processing,Medium,Medium
P0367,Sales lead qualification,"Receive lead, check company details, score fit, assign to salesperson, update CRM",Telecommunications,HR,3,4,5,3,2,3,4,2,2,4,5,5,1,5,100,RPA,Medium,Medium
P0368,Contract review,"Receive contract, review clauses, identify legal risk, negotiate changes, obtain signoff",Logistics,Student Services,1,5,1,3,3,5,5,5,5,5,5,1,2,5,68,Human-Assisted Automation,High,Medium
P0369,Contract review,"Receive contract, review clauses, identify legal risk, negotiate changes, obtain signoff",Finance,Claims,2,4,4,5,4,5,4,4,4,5,4,1,5,2,95,Human-Assisted Automation,High,High
P0370,Student enquiry triage,"Receive enquiry, classify category, retrieve student record, provide response or escalate",Retail,Operations,1,4,4,4,4,1,2,4,1,1,4,4,1,1,100,Workflow Automation,Medium,Medium
P0371,Password reset,"Receive access request, verify identity, reset password, notify user, close ticket",Logistics,Finance,4,5,3,1,4,5,2,4,3,3,4,3,3,2,100,Workflow Automation,Medium,High
P0372,Invoice processing,"Receive invoice, validate supplier details, match purchase order, enter details into ERP, route exceptions for approval",Healthcare,Customer Service,4,5,2,1,3,5,4,3,3,3,2,5,5,1,100,Intelligent Document Processing,Medium,High
P0373,Invoice processing,"Receive invoice, validate supplier details, match purchase order, enter details into ERP, route exceptions for approval",Retail,Procurement,5,5,3,4,3,4,2,4,1,4,1,5,4,5,100,Intelligent Document Processing,Medium,Medium
P0374,Inventory replenishment,"Check stock level, forecast demand, create replenishment order, notify warehouse",Finance,Student Services,5,4,5,2,4,5,3,3,3,1,1,3,4,4,100,Workflow Automation,Medium,Medium
P0375,KYC verification,"Collect identity documents, verify data, check sanctions list, escalate suspicious cases",Banking,HR,5,2,3,3,5,5,2,2,5,5,5,1,3,3,100,Human-Assisted Automation,Medium,Medium
P0376,Expense reimbursement,"Receive expense claim, check policy rules, validate receipt, approve payment, update finance system",Finance,Operations,5,4,2,2,3,5,2,2,1,5,5,3,5,2,100,Intelligent Document Processing,Medium,High
P0377,Contract review,"Receive contract, review clauses, identify legal risk, negotiate changes, obtain signoff",Government,Customer Service,1,5,2,3,5,3,5,4,3,5,4,1,3,3,83,Workflow Automation,High,Medium
P0378,Sales lead qualification,"Receive lead, check company details, score fit, assign to salesperson, update CRM",Manufacturing,IT,5,5,1,5,5,5,3,3,4,1,4,1,2,1,100,Workflow Automation,Medium,Medium
P0379,Expense reimbursement,"Receive expense claim, check policy rules, validate receipt, approve payment, update finance system",Manufacturing,IT,4,4,3,1,5,4,3,5,1,4,2,4,2,2,100,Intelligent Document Processing,Medium,Medium
P0380,Purchase order approval,"Receive purchase request, check budget, validate supplier, route approval, issue purchase order",Healthcare,Sales,5,5,5,2,4,4,1,5,3,5,3,5,2,3,100,Workflow Automation,Medium,Medium
P0381,Invoice processing,"Receive invoice, validate supplier details, match purchase order, enter details into ERP, route exceptions for approval",Banking,HR,4,4,3,5,5,4,1,3,1,4,3,3,2,1,100,Intelligent Document Processing,Medium,Medium
P0382,Expense reimbursement,"Receive expense claim, check policy rules, validate receipt, approve payment, update finance system",Logistics,Sales,5,5,3,1,3,4,5,1,2,5,3,3,3,5,100,Intelligent Document Processing,Medium,Medium
P0383,Refund processing,"Receive refund request, check eligibility, calculate refund, process payment, notify customer",Healthcare,Sales,5,5,1,2,4,4,1,1,2,1,2,4,2,1,100,RPA,Low,Medium
P0384,Expense reimbursement,"Receive expense claim, check policy rules, validate receipt, approve payment, update finance system",Manufacturing,IT,5,5,2,1,5,5,3,2,3,1,1,4,2,5,100,Intelligent Document Processing,Low,Medium
P0385,Regulatory reporting,"Collect transaction data, validate calculations, prepare report, obtain compliance review, submit to regulator",Manufacturing,Sales,1,4,1,3,2,5,4,5,5,3,5,2,3,5,81,Workflow Automation,High,High
P0386,Regulatory reporting,"Collect transaction data, validate calculations, prepare report, obtain compliance review, submit to regulator",Retail,Finance,5,4,1,5,4,1,1,2,5,4,1,4,2,2,76,Human-Assisted Automation,Medium,Low
P0387,Sales lead qualification,"Receive lead, check company details, score fit, assign to salesperson, update CRM",Education,IT,5,2,2,4,3,5,4,1,4,3,4,3,3,3,100,AI Copilot,Medium,High
P0388,Inventory replenishment,"Check stock level, forecast demand, create replenishment order, notify warehouse",Healthcare,Operations,5,5,4,3,5,5,1,5,2,4,4,4,2,2,100,RPA,Medium,High
P0389,IT incident routing,"Receive incident, classify priority, assign resolver group, monitor SLA, close ticket",Healthcare,Compliance,5,5,2,3,3,3,4,4,1,4,1,3,2,2,100,Workflow Automation,Medium,Low
P0390,Contract review,"Receive contract, review clauses, identify legal risk, negotiate changes, obtain signoff",Retail,Sales,5,2,5,4,4,2,5,1,5,4,5,1,3,5,100,Human-Assisted Automation,High,Medium
P0391,Customer complaint handling,"Receive complaint, review customer history, investigate issue, decide resolution, respond to customer",Banking,Claims,4,5,3,4,5,2,2,5,3,4,2,4,5,1,100,Workflow Automation,High,Medium
P0392,Insurance claim review,"Receive claim, extract documents, assess policy coverage, investigate exceptions, approve or reject claim",Healthcare,Compliance,4,1,4,4,1,5,3,5,3,5,4,5,1,2,92,Intelligent Document Processing,High,High
P0393,Refund processing,"Receive refund request, check eligibility, calculate refund, process payment, notify customer",Healthcare,IT,4,4,1,3,4,3,3,3,2,5,5,5,1,2,100,Workflow Automation,Medium,Medium
P0394,Sales lead qualification,"Receive lead, check company details, score fit, assign to salesperson, update CRM",Manufacturing,Claims,3,5,3,4,4,2,3,4,4,2,3,3,5,1,100,Workflow Automation,Medium,Medium
P0395,Expense reimbursement,"Receive expense claim, check policy rules, validate receipt, approve payment, update finance system",Healthcare,Operations,5,5,3,5,5,5,5,2,1,2,5,3,4,1,100,Intelligent Document Processing,Medium,High
P0396,Inventory replenishment,"Check stock level, forecast demand, create replenishment order, notify warehouse",Banking,Student Services,4,5,1,1,5,5,2,1,1,2,3,3,5,1,100,RPA,Low,High
P0397,Invoice processing,"Receive invoice, validate supplier details, match purchase order, enter details into ERP, route exceptions for approval",Insurance,IT,5,4,2,1,3,5,2,3,3,1,4,4,5,4,100,Intelligent Document Processing,Low,High
P0398,Insurance claim review,"Receive claim, extract documents, assess policy coverage, investigate exceptions, approve or reject claim",Telecommunications,Finance,3,3,3,4,2,4,4,5,3,4,3,3,5,4,99,Intelligent Document Processing,High,High
P0399,Invoice processing,"Receive invoice, validate supplier details, match purchase order, enter details into ERP, route exceptions for approval",Government,HR,4,4,2,2,3,5,5,3,3,5,3,5,3,1,100,Intelligent Document Processing,High,High
P0400,Purchase order approval,"Receive purchase request, check budget, validate supplier, route approval, issue purchase order",Telecommunications,Customer Service,5,4,1,1,5,5,4,3,2,4,2,5,2,1,100,Workflow Automation,Medium,Medium
P0401,Invoice processing,"Receive invoice, validate supplier details, match purchase order, enter details into ERP, route exceptions for approval",Banking,Finance,5,4,4,2,4,4,3,4,1,4,3,4,5,4,100,Intelligent Document Processing,Medium,High
P0402,Insurance claim review,"Receive claim, extract documents, assess policy coverage, investigate exceptions, approve or reject claim",Retail,IT,4,5,2,3,2,5,4,4,4,5,1,5,5,1,100,Human-Assisted Automation,High,High
P0403,Student enquiry triage,"Receive enquiry, classify category, retrieve student record, provide response or escalate",Healthcare,Claims,3,1,4,1,2,4,4,5,2,2,5,4,4,3,100,Workflow Automation,Medium,High
P0404,Inventory replenishment,"Check stock level, forecast demand, create replenishment order, notify warehouse",Logistics,Compliance,5,4,5,4,4,3,1,1,3,1,2,5,3,1,100,RPA,Low,Medium
P0405,Refund processing,"Receive refund request, check eligibility, calculate refund, process payment, notify customer",Finance,Student Services,5,5,4,5,3,4,4,2,3,4,2,4,1,3,100,RPA,High,Medium
P0406,Customer complaint handling,"Receive complaint, review customer history, investigate issue, decide resolution, respond to customer",Education,Customer Service,3,5,3,4,1,3,5,2,4,5,5,3,4,4,100,Human-Assisted Automation,High,High
P0407,Password reset,"Receive access request, verify identity, reset password, notify user, close ticket",Finance,Operations,4,5,3,1,5,5,3,5,1,2,4,5,5,4,100,RPA,Medium,High
P0408,KYC verification,"Collect identity documents, verify data, check sanctions list, escalate suspicious cases",Retail,Operations,4,2,3,3,4,4,5,2,5,4,5,1,3,1,88,Human-Assisted Automation,High,Medium
P0409,Inventory replenishment,"Check stock level, forecast demand, create replenishment order, notify warehouse",Government,Finance,5,4,2,3,5,3,4,4,1,5,2,3,5,5,100,Workflow Automation,Medium,Medium
P0410,Regulatory reporting,"Collect transaction data, validate calculations, prepare report, obtain compliance review, submit to regulator",Government,Finance,1,3,4,5,1,4,1,1,5,4,4,2,2,1,49,Human-Assisted Automation,Medium,Medium
P0411,Purchase order approval,"Receive purchase request, check budget, validate supplier, route approval, issue purchase order",Retail,IT,4,5,4,3,5,3,5,3,2,2,2,4,3,1,100,RPA,Medium,Medium
P0412,Insurance claim review,"Receive claim, extract documents, assess policy coverage, investigate exceptions, approve or reject claim",Healthcare,Operations,3,1,4,4,3,5,2,5,4,4,3,5,1,5,100,Human-Assisted Automation,High,Medium
P0413,IT incident routing,"Receive incident, classify priority, assign resolver group, monitor SLA, close ticket",Logistics,Compliance,4,4,1,2,5,4,4,5,2,3,1,3,1,5,100,Workflow Automation,Medium,Low
P0414,Contract review,"Receive contract, review clauses, identify legal risk, negotiate changes, obtain signoff",Finance,Procurement,3,2,1,5,1,2,2,1,3,5,4,4,2,3,57,AI Agent,Medium,Medium
P0415,KYC verification,"Collect identity documents, verify data, check sanctions list, escalate suspicious cases",Government,Operations,3,4,4,3,2,5,3,2,3,3,5,4,3,1,100,Intelligent Document Processing,Medium,High
P0416,KYC verification,"Collect identity documents, verify data, check sanctions list, escalate suspicious cases",Insurance,Compliance,5,4,4,4,5,5,1,1,5,5,1,5,3,4,100,Human-Assisted Automation,Medium,Medium
P0417,Student enquiry triage,"Receive enquiry, classify category, retrieve student record, provide response or escalate",Telecommunications,Operations,3,5,5,1,3,1,1,5,1,4,1,4,5,3,100,Workflow Automation,Medium,Medium
P0418,Password reset,"Receive access request, verify identity, reset password, notify user, close ticket",Education,Claims,5,4,2,2,4,5,1,1,2,4,1,3,1,2,100,RPA,Low,Medium
P0419,Regulatory reporting,"Collect transaction data, validate calculations, prepare report, obtain compliance review, submit to regulator",Education,Operations,4,1,4,4,2,2,2,1,3,5,5,1,2,5,90,AI Agent,Medium,Medium
P0420,IT incident routing,"Receive incident, classify priority, assign resolver group, monitor SLA, close ticket",Insurance,Finance,4,5,1,1,5,5,5,3,1,5,4,4,5,4,100,Workflow Automation,Medium,High
P0421,Purchase order approval,"Receive purchase request, check budget, validate supplier, route approval, issue purchase order",Healthcare,Student Services,5,5,5,5,3,3,5,4,3,2,5,5,3,5,100,Workflow Automation,High,High
P0422,Customer complaint handling,"Receive complaint, review customer history, investigate issue, decide resolution, respond to customer",Retail,Customer Service,5,1,5,3,5,2,5,3,3,5,4,3,4,1,100,Workflow Automation,High,Medium
P0423,Employee onboarding,"Collect employee details, verify documents, create accounts, send welcome communication, update HR system",Finance,IT,4,5,5,2,4,3,4,2,3,2,3,1,5,5,100,RPA,Medium,Medium
P0424,Inventory replenishment,"Check stock level, forecast demand, create replenishment order, notify warehouse",Healthcare,Customer Service,4,4,2,1,5,4,2,1,3,1,4,5,5,5,100,RPA,Low,High
P0425,Refund processing,"Receive refund request, check eligibility, calculate refund, process payment, notify customer",Banking,Finance,5,5,3,4,3,5,4,4,3,3,2,4,2,4,100,Workflow Automation,High,Medium
P0426,Refund processing,"Receive refund request, check eligibility, calculate refund, process payment, notify customer",Government,HR,5,5,3,1,5,3,4,4,3,3,1,4,3,5,100,Workflow Automation,Medium,Medium
P0427,Refund processing,"Receive refund request, check eligibility, calculate refund, process payment, notify customer",Logistics,Finance,4,5,5,3,4,5,2,1,3,2,5,3,3,4,100,RPA,Low,High
P0428,Regulatory reporting,"Collect transaction data, validate calculations, prepare report, obtain compliance review, submit to regulator",Education,Sales,4,4,3,4,5,3,1,1,5,5,2,4,2,1,100,Human-Assisted Automation,Medium,Medium
P0429,Contract review,"Receive contract, review clauses, identify legal risk, negotiate changes, obtain signoff",Healthcare,Customer Service,5,2,5,5,2,1,5,2,4,3,1,1,3,2,57,AI Copilot,High,Low
P0430,IT incident routing,"Receive incident, classify priority, assign resolver group, monitor SLA, close ticket",Finance,Customer Service,5,5,5,4,5,3,3,1,1,3,4,4,1,2,100,RPA,Medium,Medium
P0431,Student enquiry triage,"Receive enquiry, classify category, retrieve student record, provide response or escalate",Insurance,Finance,4,4,1,3,1,4,5,3,3,2,5,1,1,2,93,Workflow Automation,Medium,Medium
P0432,Employee onboarding,"Collect employee details, verify documents, create accounts, send welcome communication, update HR system",Healthcare,Procurement,4,4,3,3,3,4,5,2,2,5,2,4,5,2,100,RPA,Medium,High
P0433,Sales lead qualification,"Receive lead, check company details, score fit, assign to salesperson, update CRM",Telecommunications,Sales,4,3,3,1,3,5,3,5,5,3,4,4,1,1,100,Workflow Automation,Medium,Medium
P0434,Invoice processing,"Receive invoice, validate supplier details, match purchase order, enter details into ERP, route exceptions for approval",Government,Claims,4,4,4,2,4,5,4,4,1,1,3,4,2,2,100,Intelligent Document Processing,Medium,Medium
P0435,IT incident routing,"Receive incident, classify priority, assign resolver group, monitor SLA, close ticket",Insurance,Procurement,4,5,4,2,3,4,4,2,1,4,4,5,5,2,100,RPA,Medium,High
P0436,Inventory replenishment,"Check stock level, forecast demand, create replenishment order, notify warehouse",Manufacturing,HR,4,4,4,1,4,3,3,3,1,2,1,5,4,3,100,RPA,Low,Medium
P0437,Refund processing,"Receive refund request, check eligibility, calculate refund, process payment, notify customer",Insurance,Compliance,4,4,4,3,4,4,2,1,2,5,2,4,3,1,100,RPA,Medium,Medium
P0438,Regulatory reporting,"Collect transaction data, validate calculations, prepare report, obtain compliance review, submit to regulator",Telecommunications,Sales,1,5,4,3,2,2,2,1,4,4,2,3,4,5,100,Human-Assisted Automation,Medium,Medium
P0439,Employee onboarding,"Collect employee details, verify documents, create accounts, send welcome communication, update HR system",Telecommunications,Procurement,3,1,1,1,2,5,5,3,2,5,3,1,5,2,79,Workflow Automation,Medium,Medium
P0440,Purchase order approval,"Receive purchase request, check budget, validate supplier, route approval, issue purchase order",Healthcare,Compliance,5,5,4,2,5,4,2,2,1,2,2,4,1,1,100,RPA,Low,Medium
P0441,Sales lead qualification,"Receive lead, check company details, score fit, assign to salesperson, update CRM",Manufacturing,Finance,3,1,3,1,4,3,1,3,4,4,3,5,3,3,100,Human-Assisted Automation,Medium,Medium
P0442,Purchase order approval,"Receive purchase request, check budget, validate supplier, route approval, issue purchase order",Retail,Procurement,5,5,3,1,5,4,4,3,2,2,3,5,4,1,100,RPA,Medium,High
P0443,Refund processing,"Receive refund request, check eligibility, calculate refund, process payment, notify customer",Healthcare,Student Services,4,4,2,4,5,5,4,3,2,3,4,3,2,2,100,Workflow Automation,Medium,Medium
P0444,Student enquiry triage,"Receive enquiry, classify category, retrieve student record, provide response or escalate",Manufacturing,HR,4,5,1,5,1,2,5,2,5,1,5,3,4,1,75,AI Copilot,High,Medium
P0445,Password reset,"Receive access request, verify identity, reset password, notify user, close ticket",Logistics,Claims,4,4,2,3,4,5,4,2,3,5,3,4,4,4,100,RPA,Medium,High
P0446,IT incident routing,"Receive incident, classify priority, assign resolver group, monitor SLA, close ticket",Education,HR,4,4,4,1,5,4,4,3,1,5,3,3,4,2,100,RPA,Medium,Medium
P0447,Contract review,"Receive contract, review clauses, identify legal risk, negotiate changes, obtain signoff",Manufacturing,Student Services,1,5,4,5,3,3,1,2,4,3,4,4,3,5,100,AI Copilot,Medium,Medium
P0448,Password reset,"Receive access request, verify identity, reset password, notify user, close ticket",Retail,Student Services,4,5,1,2,4,3,3,3,2,2,3,4,3,4,100,Workflow Automation,Medium,Medium
P0449,Insurance claim review,"Receive claim, extract documents, assess policy coverage, investigate exceptions, approve or reject claim",Manufacturing,Customer Service,4,4,2,4,4,5,5,2,4,5,5,4,2,4,100,Human-Assisted Automation,High,High
P0450,Student enquiry triage,"Receive enquiry, classify category, retrieve student record, provide response or escalate",Manufacturing,Compliance,3,1,5,2,4,4,4,1,5,3,4,3,4,5,100,AI Copilot,Medium,High
P0451,IT incident routing,"Receive incident, classify priority, assign resolver group, monitor SLA, close ticket",Education,Compliance,4,4,5,2,4,4,5,2,3,5,5,3,5,4,100,RPA,Medium,High
P0452,Purchase order approval,"Receive purchase request, check budget, validate supplier, route approval, issue purchase order",Finance,Claims,5,4,3,4,4,4,1,1,1,3,1,5,1,3,100,RPA,Low,Medium
P0453,KYC verification,"Collect identity documents, verify data, check sanctions list, escalate suspicious cases",Retail,Compliance,2,4,3,3,1,4,1,4,3,3,4,1,2,3,90,Intelligent Document Processing,Medium,Medium
P0454,Customer complaint handling,"Receive complaint, review customer history, investigate issue, decide resolution, respond to customer",Banking,Student Services,4,2,5,5,4,3,5,2,3,4,3,3,4,3,100,AI Agent,High,Medium
P0455,Purchase order approval,"Receive purchase request, check budget, validate supplier, route approval, issue purchase order",Banking,HR,5,4,5,3,5,3,3,3,3,2,4,5,2,2,100,Workflow Automation,Medium,Medium
P0456,Invoice processing,"Receive invoice, validate supplier details, match purchase order, enter details into ERP, route exceptions for approval",Education,HR,4,4,3,3,5,5,3,4,1,3,5,4,5,4,100,Intelligent Document Processing,Medium,High
P0457,Sales lead qualification,"Receive lead, check company details, score fit, assign to salesperson, update CRM",Manufacturing,Sales,3,2,4,4,1,4,3,5,2,5,5,4,5,5,100,AI Agent,High,High
P0458,Employee onboarding,"Collect employee details, verify documents, create accounts, send welcome communication, update HR system",Telecommunications,Operations,5,4,5,4,1,3,2,1,2,5,3,5,4,1,100,RPA,Medium,High
P0459,Employee onboarding,"Collect employee details, verify documents, create accounts, send welcome communication, update HR system",Healthcare,Operations,2,3,2,2,1,3,4,2,1,4,2,5,3,5,100,RPA,Medium,Medium
P0460,Customer complaint handling,"Receive complaint, review customer history, investigate issue, decide resolution, respond to customer",Banking,Operations,3,3,1,5,3,2,4,5,5,3,1,5,4,3,52,Workflow Automation,High,Medium
P0461,Purchase order approval,"Receive purchase request, check budget, validate supplier, route approval, issue purchase order",Finance,Customer Service,5,5,3,4,5,3,3,1,2,2,3,3,1,1,100,RPA,Medium,Medium
P0462,Inventory replenishment,"Check stock level, forecast demand, create replenishment order, notify warehouse",Education,Claims,5,4,4,5,5,4,3,4,3,4,3,5,2,2,100,Workflow Automation,High,Medium
P0463,KYC verification,"Collect identity documents, verify data, check sanctions list, escalate suspicious cases",Education,IT,5,3,3,5,1,4,3,3,5,5,1,4,1,1,63,Human-Assisted Automation,High,Medium
P0464,Password reset,"Receive access request, verify identity, reset password, notify user, close ticket",Logistics,Claims,4,5,5,2,5,3,5,5,2,4,5,3,5,2,100,RPA,High,High
P0465,IT incident routing,"Receive incident, classify priority, assign resolver group, monitor SLA, close ticket",Retail,Claims,5,5,5,2,5,4,1,5,3,1,1,3,1,1,100,Workflow Automation,Medium,Low
P0466,Contract review,"Receive contract, review clauses, identify legal risk, negotiate changes, obtain signoff",Telecommunications,IT,3,3,5,3,1,1,5,1,3,3,2,5,4,3,100,RPA,Medium,Medium
P0467,Purchase order approval,"Receive purchase request, check budget, validate supplier, route approval, issue purchase order",Education,Customer Service,4,4,5,4,5,4,4,2,1,4,4,4,3,4,100,RPA,Medium,High
P0468,Employee onboarding,"Collect employee details, verify documents, create accounts, send welcome communication, update HR system",Manufacturing,Student Services,1,4,4,4,3,4,3,5,2,2,3,1,1,5,100,Workflow Automation,Medium,Low
P0469,Student enquiry triage,"Receive enquiry, classify category, retrieve student record, provide response or escalate",Banking,Customer Service,5,1,3,2,1,3,5,3,5,5,4,1,2,3,60,Human-Assisted Automation,High,Medium
P0470,Refund processing,"Receive refund request, check eligibility, calculate refund, process payment, notify customer",Government,Finance,4,5,3,3,5,5,3,1,3,1,3,5,1,4,100,RPA,Low,Medium
P0471,Insurance claim review,"Receive claim, extract documents, assess policy coverage, investigate exceptions, approve or reject claim",Government,Sales,5,5,3,4,4,5,3,3,5,3,1,2,2,5,100,Intelligent Document Processing,High,Medium
P0472,IT incident routing,"Receive incident, classify priority, assign resolver group, monitor SLA, close ticket",Healthcare,Operations,4,4,1,1,4,4,5,1,3,3,2,3,4,2,100,RPA,Medium,Medium
P0473,Employee onboarding,"Collect employee details, verify documents, create accounts, send welcome communication, update HR system",Logistics,Compliance,4,2,2,3,2,3,3,3,4,5,3,5,1,1,72,Human-Assisted Automation,High,Medium
P0474,Customer complaint handling,"Receive complaint, review customer history, investigate issue, decide resolution, respond to customer",Finance,HR,1,3,3,3,2,4,4,3,5,4,4,1,5,2,57,Human-Assisted Automation,High,Medium
P0475,Sales lead qualification,"Receive lead, check company details, score fit, assign to salesperson, update CRM",Government,Student Services,1,4,3,2,3,1,4,3,4,1,1,3,5,3,85,Workflow Automation,Medium,Medium
P0476,Sales lead qualification,"Receive lead, check company details, score fit, assign to salesperson, update CRM",Finance,Compliance,4,4,2,1,2,2,3,4,2,4,4,1,4,5,100,Workflow Automation,Medium,Medium
P0477,Regulatory reporting,"Collect transaction data, validate calculations, prepare report, obtain compliance review, submit to regulator",Finance,Finance,2,2,1,4,1,4,5,2,4,4,5,5,4,4,75,Human-Assisted Automation,High,High
P0478,Refund processing,"Receive refund request, check eligibility, calculate refund, process payment, notify customer",Logistics,Compliance,5,5,3,4,4,5,1,1,2,2,1,5,5,2,100,RPA,Low,High
P0479,Contract review,"Receive contract, review clauses, identify legal risk, negotiate changes, obtain signoff",Logistics,IT,2,3,1,4,2,1,2,3,5,5,3,3,3,5,39,Human-Assisted Automation,High,Medium
P0480,Regulatory reporting,"Collect transaction data, validate calculations, prepare report, obtain compliance review, submit to regulator",Logistics,Student Services,2,2,2,5,3,4,3,5,5,5,4,5,4,1,68,Human-Assisted Automation,High,High
P0481,Refund processing,"Receive refund request, check eligibility, calculate refund, process payment, notify customer",Finance,Operations,4,5,5,4,4,4,2,3,1,5,4,3,3,5,100,RPA,Medium,Medium
P0482,Purchase order approval,"Receive purchase request, check budget, validate supplier, route approval, issue purchase order",Insurance,Student Services,5,4,2,4,3,4,2,5,1,4,2,5,2,1,100,Workflow Automation,Medium,Medium
P0483,IT incident routing,"Receive incident, classify priority, assign resolver group, monitor SLA, close ticket",Healthcare,HR,5,4,1,2,3,5,5,1,2,5,4,4,2,2,100,RPA,Medium,High
P0484,Refund processing,"Receive refund request, check eligibility, calculate refund, process payment, notify customer",Logistics,Sales,4,5,4,4,4,4,1,4,3,5,5,3,4,5,100,Workflow Automation,Medium,High
P0485,Purchase order approval,"Receive purchase request, check budget, validate supplier, route approval, issue purchase order",Finance,Customer Service,4,5,2,4,3,4,3,4,3,2,2,5,5,3,100,Workflow Automation,Medium,High
P0486,IT incident routing,"Receive incident, classify priority, assign resolver group, monitor SLA, close ticket",Government,IT,5,4,3,2,5,3,5,4,2,5,2,4,5,3,100,RPA,High,Medium
P0487,Password reset,"Receive access request, verify identity, reset password, notify user, close ticket",Insurance,Sales,4,5,1,3,3,3,4,4,3,5,1,4,2,3,96,Workflow Automation,High,Medium
P0488,Insurance claim review,"Receive claim, extract documents, assess policy coverage, investigate exceptions, approve or reject claim",Government,Procurement,1,4,4,5,5,5,1,4,3,3,4,4,4,3,100,Intelligent Document Processing,Medium,High
P0489,Password reset,"Receive access request, verify identity, reset password, notify user, close ticket",Government,Claims,4,5,3,2,3,5,2,2,1,4,1,3,3,5,100,RPA,Low,Medium
P0490,IT incident routing,"Receive incident, classify priority, assign resolver group, monitor SLA, close ticket",Telecommunications,Compliance,5,5,5,3,3,3,5,5,1,1,1,3,3,4,100,RPA,Medium,Medium
P0491,Expense reimbursement,"Receive expense claim, check policy rules, validate receipt, approve payment, update finance system",Education,Claims,4,4,2,3,3,5,1,1,1,2,2,4,4,3,100,Intelligent Document Processing,Low,High
P0492,Regulatory reporting,"Collect transaction data, validate calculations, prepare report, obtain compliance review, submit to regulator",Finance,Procurement,4,1,2,5,3,1,4,5,5,4,4,1,5,3,43,Human-Assisted Automation,High,Medium
P0493,Customer complaint handling,"Receive complaint, review customer history, investigate issue, decide resolution, respond to customer",Telecommunications,IT,4,3,1,4,4,1,4,4,3,5,4,3,1,5,82,Workflow Automation,High,Low
P0494,Employee onboarding,"Collect employee details, verify documents, create accounts, send welcome communication, update HR system",Finance,Claims,3,3,5,1,3,3,3,2,5,5,3,3,3,1,100,Human-Assisted Automation,Medium,Medium
P0495,Sales lead qualification,"Receive lead, check company details, score fit, assign to salesperson, update CRM",Logistics,Customer Service,2,1,2,2,2,5,5,3,4,2,4,1,1,5,78,AI Copilot,Medium,Medium
P0496,Purchase order approval,"Receive purchase request, check budget, validate supplier, route approval, issue purchase order",Banking,IT,5,4,3,3,5,3,1,1,3,2,5,3,2,4,100,RPA,Low,Medium
P0497,Refund processing,"Receive refund request, check eligibility, calculate refund, process payment, notify customer",Manufacturing,Operations,5,5,1,5,3,5,4,1,3,3,3,4,2,3,100,RPA,Medium,Medium
P0498,Invoice processing,"Receive invoice, validate supplier details, match purchase order, enter details into ERP, route exceptions for approval",Government,Operations,4,4,3,2,4,5,4,3,2,3,1,3,4,5,100,Intelligent Document Processing,Medium,Medium
P0499,Contract review,"Receive contract, review clauses, identify legal risk, negotiate changes, obtain signoff",Retail,Sales,2,1,2,5,5,3,3,1,3,4,2,4,5,5,86,AI Agent,Medium,Medium
P0500,Insurance claim review,"Receive claim, extract documents, assess policy coverage, investigate exceptions, approve or reject claim",Banking,Procurement,2,3,4,3,4,5,3,1,4,4,1,4,2,3,100,Human-Assisted Automation,Medium,Medium
P0501,Generate Intuitive Interfaces,Finance team manually processes invoices through SAP and Excel with approval workflows.,Government,HR,2,3,5,1,5,4,10,3,3,5,2,5,4,4,100,Intelligent Document Processing,High,High
P0502,Extend Ubiquitous Channels,Retail inventory reconciliation across multiple systems and spreadsheets.,Logistics,Operations,3,3,5,2,5,4,10,4,3,2,1,4,3,1,100,Intelligent Document Processing,High,High
P0503,Transition B2C Networks,Insurance claims process involving document validation and manual data entry.,Insurance,Operations,2,1,4,3,4,1,1,5,3,5,1,2,4,4,50,Process Redesign,Medium,Medium
P0504,Architect Magnetic Relationships,Finance team manually processes invoices through SAP and Excel with approval workflows.,Education,Operations,4,4,2,3,4,3,10,1,3,5,4,2,4,1,97,RPA,High,High
P0505,Revolutionize Dynamic Mindshare,"Procurement process involving vendor comparison, approvals, and compliance checks.",Logistics,HR,4,4,4,5,4,3,7,5,2,3,5,4,4,1,100,Workflow Automation,High,High
P0506,Leverage Cross-Media Experiences,Insurance claims process involving document validation and manual data entry.,Government,Finance,5,1,3,4,5,1,9,1,1,5,3,5,5,4,100,Intelligent Document Processing,High,High
P0507,E-Enable Dot-Com Interfaces,Healthcare records verification and compliance review process.,Retail,HR,3,4,4,2,1,3,7,6,4,2,5,2,1,5,71,AI Agent,High,High
P0508,Incentivize Global Interfaces,Finance team manually processes invoices through SAP and Excel with approval workflows.,Telecommunications,Procurement,4,2,3,5,1,3,5,10,2,2,2,1,2,4,67,AI Copilot,High,High
P0509,Morph Holistic Info-Mediaries,University placement compliance and internship onboarding workflow.,Manufacturing,Student Services,2,2,4,3,1,5,5,9,4,1,2,4,2,2,79,Intelligent Document Processing,High,High
P0510,Maximize Visionary Networks,Healthcare records verification and compliance review process.,Finance,Student Services,4,1,2,5,5,3,6,3,3,2,2,2,1,1,56,AI Agent,Medium,Medium
P0511,Synthesize Enterprise Action-Items,Insurance claims process involving document validation and manual data entry.,Education,Operations,2,4,3,5,2,5,3,4,4,4,5,3,4,5,71,Human-Assisted Automation,Medium,Medium
P0512,Deploy Dot-Com Communities,Customer support process involving complaint analysis and escalation management.,Telecommunications,Compliance,1,2,2,1,5,5,1,7,2,2,4,1,2,2,86,Workflow Automation,High,High
P0513,Strategize B2B Experiences,University placement compliance and internship onboarding workflow.,Telecommunications,HR,4,1,1,4,2,3,7,8,5,4,1,1,2,1,24,Do Not Automate,High,Low
P0514,E-Enable 24/365 Eyeballs,"HR onboarding process involving approvals, account creation, and employee record updates.",Retail,Student Services,5,4,1,1,4,4,10,10,2,2,3,3,4,1,100,Intelligent Document Processing,High,High
P0515,Generate Compelling Deliverables,Retail inventory reconciliation across multiple systems and spreadsheets.,Retail,Compliance,4,4,1,4,1,3,3,4,5,3,2,4,3,3,57,AI Agent,Medium,Medium
P0516,Productize Cross-Platform Roi,Retail inventory reconciliation across multiple systems and spreadsheets.,Telecommunications,Finance,3,3,3,1,1,5,2,1,2,2,3,4,2,1,100,RPA,Low,High
P0517,Embrace Intuitive Interfaces,Customer support process involving complaint analysis and escalation management.,Telecommunications,IT,3,4,5,1,5,5,1,9,3,3,1,2,2,2,100,RPA,High,High
P0518,Incentivize Intuitive E-Tailers,"Procurement process involving vendor comparison, approvals, and compliance checks.",Retail,IT,5,3,4,3,3,1,8,6,4,3,2,5,2,2,92,RPA,High,High
P0519,Aggregate Viral Web-Readiness,Healthcare records verification and compliance review process.,Insurance,Compliance,4,1,1,2,5,2,8,2,5,4,4,5,4,5,81,Workflow Automation,High,High
P0520,Re-Intermediate Out-Of-The-Box Deliverables,Retail inventory reconciliation across multiple systems and spreadsheets.,Retail,Customer Service,3,4,4,3,4,5,4,10,1,1,3,4,5,3,100,Workflow Automation,High,High
P0521,Streamline Turn-Key Markets,Finance team manually processes invoices through SAP and Excel with approval workflows.,Education,HR,4,2,3,2,1,4,7,5,1,2,5,2,5,2,85,RPA,High,High
P0522,Redefine Out-Of-The-Box Niches,Customer support process involving complaint analysis and escalation management.,Healthcare,HR,2,4,4,3,3,2,8,3,3,4,5,1,5,3,64,AI Copilot,High,Medium
P0523,Transition Global Web Services,Finance team manually processes invoices through SAP and Excel with approval workflows.,Logistics,Procurement,5,4,3,2,4,2,4,7,3,1,1,3,4,2,100,Intelligent Document Processing,High,High
P0524,Facilitate Compelling Functionalities,Retail inventory reconciliation across multiple systems and spreadsheets.,Insurance,Customer Service,2,4,5,3,3,2,3,2,2,5,5,5,2,4,100,Workflow Automation,Low,High
P0525,Aggregate Best-Of-Breed Mindshare,Insurance claims process involving document validation and manual data entry.,Manufacturing,Finance,3,3,1,1,1,5,9,2,4,1,2,1,3,5,67,AI Copilot,High,High
P0526,Empower E-Business Action-Items,University placement compliance and internship onboarding workflow.,Logistics,Claims,3,1,5,3,3,1,9,4,5,1,5,4,2,5,63,Human-Assisted Automation,High,High
P0527,Incentivize Efficient E-Business,Customer support process involving complaint analysis and escalation management.,Retail,Finance,4,3,4,3,1,2,8,9,4,5,5,4,4,3,77,RPA,High,High
P0528,Extend Proactive Functionalities,Insurance claims process involving document validation and manual data entry.,Education,Procurement,1,4,4,2,5,4,2,1,3,3,1,5,4,5,100,Intelligent Document Processing,Low,High
P0529,E-Enable Efficient E-Business,"Procurement process involving vendor comparison, approvals, and compliance checks.",Insurance,Claims,1,4,1,5,2,5,7,6,3,3,4,1,2,4,42,Process Redesign,High,Medium
P0530,Drive Virtual Systems,"HR onboarding process involving approvals, account creation, and employee record updates.",Logistics,Operations,2,2,3,1,4,1,8,9,5,2,1,5,2,4,74,AI Agent,High,High
P0531,Engage Global Applications,Healthcare records verification and compliance review process.,Healthcare,Sales,1,4,3,1,1,1,8,7,2,5,3,2,5,1,52,Process Redesign,High,Medium
P0532,E-Enable Killer Solutions,Retail inventory reconciliation across multiple systems and spreadsheets.,Retail,IT,4,5,5,4,3,4,4,10,5,1,3,4,4,1,100,Workflow Automation,High,High
P0533,Brand Cross-Media Networks,Finance team manually processes invoices through SAP and Excel with approval workflows.,Education,Procurement,1,1,3,1,1,3,3,8,2,4,5,5,4,4,66,AI Agent,High,High
P0534,Implement Holistic E-Commerce,University placement compliance and internship onboarding workflow.,Logistics,Finance,2,2,5,5,3,2,9,6,5,5,3,5,1,1,71,AI Agent,High,High
P0535,Exploit Distributed E-Business,Customer support process involving complaint analysis and escalation management.,Insurance,Claims,3,4,5,4,3,5,1,4,1,3,1,5,4,4,100,Intelligent Document Processing,Medium,High
P0536,Scale Bricks-And-Clicks Interfaces,Insurance claims process involving document validation and manual data entry.,Banking,Student Services,3,1,4,3,1,3,4,9,4,4,4,5,3,1,64,Human-Assisted Automation,High,Medium
P0537,Whiteboard Bleeding-Edge E-Business,Finance team manually processes invoices through SAP and Excel with approval workflows.,Healthcare,Compliance,1,3,5,2,2,2,10,8,1,2,3,1,1,1,69,AI Copilot,High,Medium
P0538,Synthesize Transparent Mindshare,"HR onboarding process involving approvals, account creation, and employee record updates.",Logistics,Student Services,1,5,1,2,4,3,10,6,5,2,2,4,4,3,75,Intelligent Document Processing,High,High
P0539,Revolutionize Proactive E-Tailers,Finance team manually processes invoices through SAP and Excel with approval workflows.,Banking,Student Services,1,1,1,5,1,5,9,4,2,5,1,1,5,1,40,Process Redesign,High,Medium
P0540,Deliver Enterprise Deliverables,Insurance claims process involving document validation and manual data entry.,Manufacturing,IT,4,2,5,1,5,2,7,3,5,5,4,1,4,5,78,Workflow Automation,High,High
P0541,Strategize Real-Time Supply-Chains,"Procurement process involving vendor comparison, approvals, and compliance checks.",Telecommunications,Sales,4,3,4,2,3,5,9,1,2,3,2,1,5,4,100,Intelligent Document Processing,High,High
P0542,Disintermediate Impactful E-Markets,Insurance claims process involving document validation and manual data entry.,Government,Claims,5,1,2,4,3,5,8,6,4,5,4,2,5,1,75,Workflow Automation,High,High
P0543,Productize Granular Architectures,Insurance claims process involving document validation and manual data entry.,Banking,IT,2,2,1,1,3,5,4,9,3,3,1,5,4,3,83,Workflow Automation,High,High
P0544,Extend Dynamic Action-Items,Healthcare records verification and compliance review process.,Manufacturing,Sales,3,4,4,1,5,3,2,4,5,5,2,1,4,2,85,Workflow Automation,Medium,High
P0545,Cultivate Best-Of-Breed Relationships,Healthcare records verification and compliance review process.,Banking,Customer Service,2,2,1,5,5,2,2,2,5,1,1,4,3,3,51,Process Redesign,Low,Medium
P0546,Utilize Dot-Com Convergence,Healthcare records verification and compliance review process.,Education,IT,2,3,1,2,3,4,5,3,5,4,3,2,5,2,66,Human-Assisted Automation,Medium,Medium
P0547,Transition Bricks-And-Clicks Paradigms,Insurance claims process involving document validation and manual data entry.,Finance,Claims,1,5,4,3,1,4,4,6,2,5,5,3,5,2,86,RPA,Medium,High
P0548,Strategize Innovative Mindshare,"HR onboarding process involving approvals, account creation, and employee record updates.",Banking,Operations,4,1,1,3,1,2,9,3,5,4,2,2,5,1,38,Do Not Automate,High,Low
P0549,Transform Interactive Architectures,Insurance claims process involving document validation and manual data entry.,Government,Student Services,2,3,4,1,2,1,4,7,1,5,1,2,2,3,79,Intelligent Document Processing,High,High
P0550,Deliver Holistic Users,"Procurement process involving vendor comparison, approvals, and compliance checks.",Insurance,Customer Service,2,1,3,3,2,3,5,3,1,4,3,4,5,4,68,AI Copilot,Medium,Medium
P0551,Mesh Compelling Web Services,Insurance claims process involving document validation and manual data entry.,Education,Finance,4,5,2,2,5,2,7,4,4,2,1,4,2,4,100,Intelligent Document Processing,High,High
P0552,Incentivize Frictionless Synergies,Healthcare records verification and compliance review process.,Education,Student Services,3,3,5,5,5,3,9,1,3,1,3,3,3,5,94,RPA,High,High
P0553,Engineer Viral Info-Mediaries,"Procurement process involving vendor comparison, approvals, and compliance checks.",Insurance,Procurement,1,1,5,3,1,4,1,4,5,3,4,4,1,2,49,Process Redesign,Medium,Medium
P0554,Drive Visionary Metrics,Customer support process involving complaint analysis and escalation management.,Banking,IT,3,1,4,2,2,4,10,3,1,1,5,3,1,5,100,RPA,High,High
P0555,Optimize Synergistic Methodologies,"HR onboarding process involving approvals, account creation, and employee record updates.",Government,Claims,4,3,2,4,5,2,8,8,1,1,4,1,5,3,91,RPA,High,High
P0556,Generate Back-End Infrastructures,Finance team manually processes invoices through SAP and Excel with approval workflows.,Retail,IT,2,3,1,4,3,3,10,5,3,3,3,2,2,3,44,Process Redesign,High,Medium
P0557,Repurpose B2C E-Services,Insurance claims process involving document validation and manual data entry.,Retail,Compliance,3,1,4,1,2,5,9,3,2,1,3,1,3,1,95,Workflow Automation,High,High
P0558,Grow Impactful Interfaces,"HR onboarding process involving approvals, account creation, and employee record updates.",Government,Finance,4,5,1,2,5,1,6,3,5,2,3,3,1,1,89,RPA,Medium,High
P0559,Transform Synergistic Architectures,Finance team manually processes invoices through SAP and Excel with approval workflows.,Manufacturing,IT,5,5,5,1,5,4,1,9,4,4,4,3,3,1,100,Intelligent Document Processing,High,High
P0560,Iterate Open-Source Niches,Finance team manually processes invoices through SAP and Excel with approval workflows.,Manufacturing,Compliance,1,1,4,3,3,3,8,5,1,5,4,2,2,3,75,Workflow Automation,High,High
P0561,Scale Compelling Content,Insurance claims process involving document validation and manual data entry.,Logistics,Claims,1,1,4,5,2,1,8,4,4,4,3,4,2,1,26,Do Not Automate,High,Low
P0562,Reinvent E-Business Metrics,Customer support process involving complaint analysis and escalation management.,Healthcare,Student Services,1,4,4,2,5,2,4,7,5,1,4,4,1,5,86,Intelligent Document Processing,High,High
P0563,E-Enable Bleeding-Edge Vortals,Healthcare records verification and compliance review process.,Insurance,Finance,2,4,4,3,1,5,2,4,1,3,4,5,2,3,100,Intelligent Document Processing,Medium,High
P0564,Scale Customized Initiatives,"HR onboarding process involving approvals, account creation, and employee record updates.",Manufacturing,Student Services,4,3,5,3,5,3,5,8,1,4,4,2,5,4,100,RPA,High,High
P0565,Seize Seamless Content,Healthcare records verification and compliance review process.,Retail,Finance,5,4,4,3,3,1,6,9,2,1,4,1,3,4,84,RPA,High,High
P0566,Revolutionize Holistic E-Business,Finance team manually processes invoices through SAP and Excel with approval workflows.,Insurance,Student Services,4,4,1,2,5,2,10,10,5,3,4,5,3,2,92,RPA,High,High
P0567,Drive User-Centric E-Business,University placement compliance and internship onboarding workflow.,Insurance,IT,5,2,3,5,1,5,10,4,4,5,2,2,3,2,70,AI Agent,High,Medium
P0568,Reinvent Enterprise Models,Healthcare records verification and compliance review process.,Healthcare,Sales,4,1,1,1,1,5,9,1,2,4,1,4,1,5,96,Intelligent Document Processing,High,High
P0569,Deploy Innovative Models,Insurance claims process involving document validation and manual data entry.,Education,Compliance,1,5,5,4,2,3,3,2,4,5,1,5,3,3,88,Intelligent Document Processing,Low,High
P0570,Re-Intermediate B2C Synergies,Customer support process involving complaint analysis and escalation management.,Finance,Sales,5,4,2,1,5,5,6,4,5,3,5,4,5,3,100,Intelligent Document Processing,Medium,High
P0571,Grow Vertical Web-Readiness,Finance team manually processes invoices through SAP and Excel with approval workflows.,Retail,Customer Service,2,1,2,3,1,5,2,10,2,5,4,4,1,1,79,RPA,High,High
P0572,Grow Value-Added Architectures,Healthcare records verification and compliance review process.,Healthcare,Procurement,2,3,1,3,4,2,8,5,4,3,4,3,3,3,63,AI Copilot,High,High
P0573,Envisioneer B2C Functionalities,"Procurement process involving vendor comparison, approvals, and compliance checks.",Healthcare,Procurement,5,2,4,4,2,5,2,9,3,5,5,5,5,4,100,Workflow Automation,High,High
P0574,Evolve Vertical Content,Insurance claims process involving document validation and manual data entry.,Finance,Finance,4,3,5,4,2,1,4,1,5,2,2,2,1,1,67,AI Agent,Medium,High
P0575,Morph Best-Of-Breed Metrics,Retail inventory reconciliation across multiple systems and spreadsheets.,Banking,Procurement,2,1,5,4,3,2,9,8,2,2,1,5,2,5,77,Intelligent Document Processing,High,High
P0576,Grow Scalable Niches,"HR onboarding process involving approvals, account creation, and employee record updates.",Telecommunications,Compliance,5,4,1,1,1,3,9,5,5,4,4,4,4,2,82,RPA,High,High
P0577,Implement Extensible Paradigms,Finance team manually processes invoices through SAP and Excel with approval workflows.,Finance,IT,4,5,5,1,4,5,9,4,3,2,1,4,4,3,100,Workflow Automation,High,High
P0578,Empower Plug-And-Play Platforms,"Procurement process involving vendor comparison, approvals, and compliance checks.",Finance,Customer Service,1,5,4,3,4,3,4,3,4,5,5,3,1,3,97,Intelligent Document Processing,Medium,High
P0579,Morph Transparent Infrastructures,Retail inventory reconciliation across multiple systems and spreadsheets.,Healthcare,Operations,4,2,1,1,5,3,9,7,5,5,4,3,1,3,78,Workflow Automation,High,High
P0580,Disintermediate Clicks-And-Mortar Deliverables,University placement compliance and internship onboarding workflow.,Retail,Operations,5,4,1,2,3,5,1,4,4,2,3,5,3,2,100,RPA,Medium,High
P0581,Synergize Cross-Platform Action-Items,Customer support process involving complaint analysis and escalation management.,Healthcare,Finance,5,4,1,4,5,3,3,9,5,3,5,3,3,2,98,Workflow Automation,High,High
P0582,Utilize Leading-Edge Systems,University placement compliance and internship onboarding workflow.,Education,Customer Service,1,2,2,1,2,3,2,7,5,4,4,5,5,2,69,AI Copilot,High,Medium
P0583,Monetize Cutting-Edge Communities,Customer support process involving complaint analysis and escalation management.,Insurance,Compliance,4,4,1,5,4,4,6,3,5,4,4,2,3,5,71,AI Copilot,Medium,High
P0584,Cultivate B2C Schemas,"HR onboarding process involving approvals, account creation, and employee record updates.",Healthcare,Operations,4,1,2,4,4,5,2,7,1,3,4,1,3,2,88,Workflow Automation,High,High
P0585,Synergize Dynamic Schemas,"Procurement process involving vendor comparison, approvals, and compliance checks.",Manufacturing,Procurement,4,1,3,1,5,5,2,7,4,4,1,4,5,3,100,Intelligent Document Processing,High,High
P0586,Innovate Rich Architectures,"HR onboarding process involving approvals, account creation, and employee record updates.",Manufacturing,Claims,1,5,2,2,2,4,7,9,5,5,2,1,4,5,54,Process Redesign,High,Medium
P0587,Integrate Dot-Com E-Services,"Procurement process involving vendor comparison, approvals, and compliance checks.",Banking,Student Services,1,4,3,2,1,4,8,10,5,5,1,5,4,5,83,Workflow Automation,High,High
P0588,Utilize Global Platforms,Customer support process involving complaint analysis and escalation management.,Logistics,HR,1,2,2,2,2,3,6,7,2,3,2,1,3,1,45,Process Redesign,High,Medium
P0589,Enhance Holistic Systems,University placement compliance and internship onboarding workflow.,Finance,Finance,1,3,1,4,5,4,5,6,3,4,4,2,2,4,54,Process Redesign,Medium,Medium
P0590,Monetize Value-Added Users,"Procurement process involving vendor comparison, approvals, and compliance checks.",Healthcare,Compliance,4,4,4,5,3,5,3,3,3,5,5,1,5,3,98,Workflow Automation,Low,High
P0591,Disintermediate End-To-End Synergies,University placement compliance and internship onboarding workflow.,Telecommunications,Operations,2,4,3,2,4,5,9,5,1,3,3,5,3,4,100,RPA,High,High
P0592,Generate Seamless E-Tailers,Retail inventory reconciliation across multiple systems and spreadsheets.,Manufacturing,Student Services,5,4,3,2,4,1,8,3,1,3,3,1,1,1,100,Workflow Automation,High,High
P0593,Visualize Magnetic Metrics,Finance team manually processes invoices through SAP and Excel with approval workflows.,Banking,IT,2,1,5,4,4,4,6,8,1,1,4,4,4,1,100,Workflow Automation,High,High
P0594,Whiteboard Cross-Platform Platforms,Finance team manually processes invoices through SAP and Excel with approval workflows.,Healthcare,Student Services,5,1,5,2,2,1,4,9,5,5,4,4,1,4,78,Workflow Automation,High,High
P0595,Evolve Proactive Initiatives,Insurance claims process involving document validation and manual data entry.,Logistics,Procurement,4,5,3,4,3,2,6,2,3,1,3,2,1,3,91,Intelligent Document Processing,Medium,High
P0596,Deploy 24/365 Relationships,Retail inventory reconciliation across multiple systems and spreadsheets.,Education,Compliance,4,5,5,5,5,2,1,1,1,3,1,2,3,1,100,RPA,Low,High
P0597,Strategize Customized Info-Mediaries,University placement compliance and internship onboarding workflow.,Finance,Customer Service,4,1,3,1,1,2,3,7,2,2,2,4,2,2,76,Workflow Automation,High,High
P0598,Deliver Magnetic E-Markets,"HR onboarding process involving approvals, account creation, and employee record updates.",Telecommunications,Procurement,2,2,4,2,3,1,6,4,3,5,1,2,4,5,51,Process Redesign,Medium,Medium
P0599,Streamline Clicks-And-Mortar Initiatives,"HR onboarding process involving approvals, account creation, and employee record updates.",Finance,Finance,1,1,1,2,2,5,1,8,3,2,4,1,4,5,40,Process Redesign,High,Medium
P0600,Syndicate Impactful Interfaces,University placement compliance and internship onboarding workflow.,Healthcare,HR,5,4,2,4,2,3,1,8,1,5,5,3,5,1,100,Workflow Automation,High,High
P0601,Transition Web-Enabled Web Services,"Procurement process involving vendor comparison, approvals, and compliance checks.",Finance,Sales,5,1,4,1,5,1,2,5,3,4,3,4,2,3,100,Intelligent Document Processing,Medium,High
P0602,Utilize Back-End Synergies,Healthcare records verification and compliance review process.,Logistics,IT,5,4,1,3,5,3,7,6,5,2,2,1,4,2,87,Intelligent Document Processing,High,High
P0603,Envisioneer Intuitive Technologies,Finance team manually processes invoices through SAP and Excel with approval workflows.,Logistics,Student Services,1,4,5,5,5,4,7,10,1,2,4,2,1,1,90,RPA,High,High
P0604,Matrix Back-End Bandwidth,Retail inventory reconciliation across multiple systems and spreadsheets.,Telecommunications,Operations,5,1,2,5,5,3,6,1,3,3,3,4,4,2,93,Intelligent Document Processing,Medium,High
P0605,Unleash Frictionless Systems,Finance team manually processes invoices through SAP and Excel with approval workflows.,Government,Claims,2,4,5,3,1,5,1,3,1,3,5,5,4,3,100,Intelligent Document Processing,Low,High
P0606,Grow Collaborative Architectures,University placement compliance and internship onboarding workflow.,Banking,Claims,1,2,4,2,1,3,4,10,5,3,4,5,1,5,61,AI Agent,High,Medium
P0607,Embrace Best-Of-Breed Initiatives,"Procurement process involving vendor comparison, approvals, and compliance checks.",Insurance,Customer Service,4,3,1,3,1,5,3,9,2,5,3,3,1,3,92,Workflow Automation,High,High
P0608,Innovate Compelling Web-Readiness,University placement compliance and internship onboarding workflow.,Government,Sales,5,4,5,2,2,4,10,5,3,5,2,1,5,3,100,RPA,High,High
P0609,Facilitate Impactful E-Tailers,"HR onboarding process involving approvals, account creation, and employee record updates.",Finance,Claims,3,5,1,4,5,5,1,3,3,4,3,4,2,1,100,Intelligent Document Processing,Low,High
P0610,Utilize Proactive Functionalities,Insurance claims process involving document validation and manual data entry.,Healthcare,HR,5,1,2,5,4,2,3,8,1,2,3,4,2,5,88,RPA,High,High
P0611,Evolve Value-Added E-Business,Healthcare records verification and compliance review process.,Insurance,Sales,1,5,4,1,2,2,6,4,5,3,1,2,2,5,73,AI Agent,Medium,High
P0612,Enhance User-Centric Experiences,University placement compliance and internship onboarding workflow.,Finance,Operations,1,2,1,5,4,1,7,5,5,3,5,4,4,1,33,Do Not Automate,High,Low
P0613,Envisioneer Vertical E-Business,Retail inventory reconciliation across multiple systems and spreadsheets.,Healthcare,Finance,3,4,3,2,2,2,5,6,1,3,1,4,2,3,100,Workflow Automation,Medium,High
P0614,Transform Intuitive Content,Healthcare records verification and compliance review process.,Insurance,Operations,3,5,2,2,5,3,5,2,3,1,3,4,3,1,100,Workflow Automation,Medium,High
P0615,Drive Cutting-Edge Experiences,Customer support process involving complaint analysis and escalation management.,Retail,Compliance,5,1,5,5,1,5,2,8,1,2,3,5,2,3,100,Workflow Automation,High,High
P0616,Integrate Ubiquitous Supply-Chains,"Procurement process involving vendor comparison, approvals, and compliance checks.",Manufacturing,Sales,3,4,5,1,5,3,3,2,1,5,1,3,3,5,100,Workflow Automation,Low,High
P0617,Seize Holistic Markets,Retail inventory reconciliation across multiple systems and spreadsheets.,Government,HR,2,3,5,1,1,1,8,3,4,1,3,4,4,5,75,Workflow Automation,High,High
P0618,Seize Virtual Methodologies,"HR onboarding process involving approvals, account creation, and employee record updates.",Telecommunications,Operations,5,3,4,5,1,5,2,9,3,2,5,3,4,5,100,RPA,High,High
P0619,Cultivate B2C Eyeballs,Insurance claims process involving document validation and manual data entry.,Banking,Student Services,3,3,2,2,4,1,3,2,5,1,4,4,5,2,61,Human-Assisted Automation,Low,High
P0620,Morph Web-Enabled Convergence,Healthcare records verification and compliance review process.,Logistics,Sales,3,2,1,1,5,5,6,1,2,3,3,2,4,4,100,Workflow Automation,Medium,High
P0621,Transition Synergistic Communities,University placement compliance and internship onboarding workflow.,Education,Compliance,5,1,4,2,1,2,5,4,2,5,4,5,3,2,100,Intelligent Document Processing,Medium,High
P0622,Optimize Cross-Media Communities,Insurance claims process involving document validation and manual data entry.,Insurance,Customer Service,1,3,3,2,4,5,9,6,4,3,4,2,4,5,85,RPA,High,High
P0623,Transform Enterprise Functionalities,"Procurement process involving vendor comparison, approvals, and compliance checks.",Finance,IT,1,1,3,4,4,3,9,3,2,5,5,1,5,5,58,Human-Assisted Automation,High,Medium
P0624,Unleash Bleeding-Edge Systems,"HR onboarding process involving approvals, account creation, and employee record updates.",Education,Student Services,4,5,1,3,1,1,6,1,1,4,2,1,3,4,80,RPA,Medium,High
P0625,Utilize End-To-End E-Services,Healthcare records verification and compliance review process.,Education,Procurement,3,1,5,4,4,5,10,7,2,5,4,4,3,1,100,Workflow Automation,High,High
P0626,Leverage Best-Of-Breed Functionalities,Finance team manually processes invoices through SAP and Excel with approval workflows.,Manufacturing,Claims,1,4,3,5,4,4,5,8,1,3,4,5,1,5,92,Workflow Automation,High,High
P0627,Envisioneer Global Systems,University placement compliance and internship onboarding workflow.,Finance,Finance,4,3,2,1,5,5,4,1,3,2,1,2,4,5,100,Workflow Automation,Medium,High
P0628,Extend Frictionless Niches,Retail inventory reconciliation across multiple systems and spreadsheets.,Retail,Student Services,2,5,5,5,4,4,5,1,4,5,3,2,5,2,92,RPA,Medium,High
P0629,Evolve Holistic Functionalities,Healthcare records verification and compliance review process.,Healthcare,Operations,1,4,3,4,4,4,9,7,1,5,3,3,3,4,100,Intelligent Document Processing,High,High
P0630,Brand 24/7 E-Markets,"Procurement process involving vendor comparison, approvals, and compliance checks.",Telecommunications,Finance,3,3,2,3,4,5,1,7,1,3,2,4,4,1,100,Intelligent Document Processing,High,High
P0631,Visualize Scalable E-Services,University placement compliance and internship onboarding workflow.,Manufacturing,Claims,2,3,1,2,3,4,6,9,3,5,5,3,3,3,72,Human-Assisted Automation,High,High
P0632,Evolve Next-Generation Action-Items,Retail inventory reconciliation across multiple systems and spreadsheets.,Education,Student Services,1,4,5,1,1,4,7,3,4,2,2,4,4,2,86,RPA,High,High
P0633,Whiteboard End-To-End Infrastructures,Retail inventory reconciliation across multiple systems and spreadsheets.,Government,Operations,5,4,2,4,4,3,4,9,5,2,3,2,3,3,79,Workflow Automation,High,High
P0634,Whiteboard Robust Solutions,"HR onboarding process involving approvals, account creation, and employee record updates.",Education,Student Services,2,1,1,2,2,3,2,1,1,3,4,5,3,2,84,Intelligent Document Processing,Low,High
P0635,Generate Mission-Critical Schemas,"HR onboarding process involving approvals, account creation, and employee record updates.",Education,Student Services,2,4,1,3,5,5,6,8,2,1,1,1,4,1,98,Intelligent Document Processing,High,High
P0636,Syndicate Revolutionary Roi,Insurance claims process involving document validation and manual data entry.,Logistics,Customer Service,4,4,4,2,4,1,9,1,2,2,4,4,2,1,100,Intelligent Document Processing,High,High
P0637,Exploit Proactive Eyeballs,"HR onboarding process involving approvals, account creation, and employee record updates.",Education,IT,5,5,1,5,5,1,2,2,4,2,1,4,3,1,97,RPA,Low,High
P0638,Seize Dot-Com Eyeballs,University placement compliance and internship onboarding workflow.,Logistics,Compliance,5,5,3,1,4,4,2,4,2,2,4,1,3,4,100,RPA,Medium,High
P0639,Implement Killer Mindshare,University placement compliance and internship onboarding workflow.,Insurance,Procurement,2,4,5,4,1,2,1,6,4,3,4,3,4,1,58,AI Agent,Medium,Medium
P0640,Incubate Mission-Critical E-Commerce,Customer support process involving complaint analysis and escalation management.,Government,Customer Service,3,4,1,3,3,3,4,6,5,1,4,4,3,2,80,Intelligent Document Processing,Medium,High
P0641,Target Mission-Critical Models,Customer support process involving complaint analysis and escalation management.,Banking,IT,5,2,1,4,1,4,3,4,1,2,5,3,2,1,80,Workflow Automation,Medium,High
P0642,Strategize Extensible Experiences,University placement compliance and internship onboarding workflow.,Education,Compliance,4,4,3,3,5,3,3,2,3,5,1,3,4,2,100,RPA,Low,High
P0643,Engineer Vertical Markets,"Procurement process involving vendor comparison, approvals, and compliance checks.",Education,Sales,4,2,3,3,5,1,5,3,3,2,2,3,4,1,77,RPA,Medium,High
P0644,Scale Interactive Markets,Healthcare records verification and compliance review process.,Retail,Sales,1,3,3,1,4,5,10,3,4,5,4,2,5,1,92,Workflow Automation,High,High
P0645,Strategize Turn-Key Mindshare,"Procurement process involving vendor comparison, approvals, and compliance checks.",Finance,Customer Service,5,5,2,1,5,4,5,2,1,5,3,3,5,4,100,Workflow Automation,Medium,High
P0646,Disintermediate E-Business Architectures,"Procurement process involving vendor comparison, approvals, and compliance checks.",Manufacturing,HR,3,1,4,2,2,2,10,10,2,3,2,4,3,5,72,AI Copilot,High,Medium
P0647,Envisioneer Cross-Media Content,Retail inventory reconciliation across multiple systems and spreadsheets.,Insurance,Procurement,4,1,5,2,4,3,7,6,5,5,3,5,5,2,99,RPA,High,High
P0648,Enhance Real-Time Technologies,Finance team manually processes invoices through SAP and Excel with approval workflows.,Telecommunications,Procurement,2,5,1,1,3,2,10,6,5,3,4,4,4,5,69,Human-Assisted Automation,High,High
P0649,Re-Contextualize Viral Markets,Finance team manually processes invoices through SAP and Excel with approval workflows.,Education,Procurement,2,5,5,5,3,3,4,10,1,3,5,3,1,5,95,RPA,High,High
P0650,Seize Wireless Web Services,"HR onboarding process involving approvals, account creation, and employee record updates.",Retail,Sales,5,4,5,5,3,2,10,3,4,2,2,5,5,3,100,Intelligent Document Processing,High,High
P0651,Transition Cross-Platform Architectures,Insurance claims process involving document validation and manual data entry.,Finance,IT,4,2,3,2,1,2,6,8,1,4,1,5,2,2,93,Workflow Automation,High,High
P0652,Maximize Magnetic Vortals,"HR onboarding process involving approvals, account creation, and employee record updates.",Telecommunications,Claims,4,4,3,1,3,4,9,8,5,1,5,2,2,5,95,RPA,High,High
P0653,Transform Dynamic E-Commerce,University placement compliance and internship onboarding workflow.,Logistics,Sales,4,1,3,1,5,1,10,5,4,2,2,3,5,3,78,Workflow Automation,High,High
P0654,Implement B2C Experiences,Insurance claims process involving document validation and manual data entry.,Education,Procurement,3,4,5,3,5,2,10,3,3,1,3,2,5,3,100,RPA,High,High
P0655,Productize Wireless E-Tailers,Retail inventory reconciliation across multiple systems and spreadsheets.,Retail,Student Services,3,4,4,1,2,4,2,10,4,3,4,1,3,4,100,Workflow Automation,High,High
P0656,Envisioneer Innovative Action-Items,"HR onboarding process involving approvals, account creation, and employee record updates.",Retail,IT,4,1,5,4,1,2,6,8,5,3,1,3,2,4,61,AI Copilot,High,High
P0657,Cultivate Killer Web Services,University placement compliance and internship onboarding workflow.,Manufacturing,Customer Service,4,5,5,4,3,5,7,9,4,5,5,5,3,1,100,RPA,High,High
P0658,Expedite Granular Infrastructures,Insurance claims process involving document validation and manual data entry.,Finance,Operations,3,4,4,1,2,4,3,1,1,3,5,4,5,3,100,Workflow Automation,Low,High
P0659,Re-Contextualize Revolutionary Relationships,"HR onboarding process involving approvals, account creation, and employee record updates.",Education,Finance,5,3,5,5,4,3,9,8,5,3,4,1,2,5,73,AI Agent,High,High
P0660,Syndicate Holistic Paradigms,Insurance claims process involving document validation and manual data entry.,Insurance,Finance,2,3,5,5,2,3,10,7,4,2,5,3,4,4,60,Human-Assisted Automation,High,Medium
P0661,Expedite Scalable E-Markets,Finance team manually processes invoices through SAP and Excel with approval workflows.,Finance,Finance,1,5,5,4,5,1,8,10,4,2,1,4,4,5,77,Workflow Automation,High,High
P0662,Facilitate Extensible Convergence,University placement compliance and internship onboarding workflow.,Manufacturing,HR,5,5,2,4,4,4,5,1,1,4,3,1,2,5,100,RPA,Medium,High
P0663,Morph Clicks-And-Mortar Web Services,Insurance claims process involving document validation and manual data entry.,Finance,Procurement,5,1,4,3,1,1,8,10,5,1,3,3,1,4,66,AI Copilot,High,High
P0664,Drive Bleeding-Edge Vortals,Insurance claims process involving document validation and manual data entry.,Banking,Procurement,3,2,2,4,4,4,3,7,3,5,2,5,2,4,92,Intelligent Document Processing,High,High
P0665,Synergize Front-End Interfaces,Healthcare records verification and compliance review process.,Education,Claims,1,3,3,5,3,3,9,6,4,4,3,2,2,1,43,Process Redesign,High,Medium
P0666,Leverage Open-Source Vortals,"HR onboarding process involving approvals, account creation, and employee record updates.",Manufacturing,Operations,3,1,1,3,1,2,6,10,1,3,5,1,2,2,35,Do Not Automate,High,Low
P0667,Generate Scalable Schemas,"Procurement process involving vendor comparison, approvals, and compliance checks.",Banking,IT,1,4,3,4,3,4,6,6,1,2,3,2,5,1,91,RPA,Medium,High
P0668,Cultivate Impactful Web-Readiness,Customer support process involving complaint analysis and escalation management.,Insurance,Claims,3,3,3,3,3,1,3,1,4,4,2,2,1,5,49,Process Redesign,Low,Medium
P0669,Architect Dot-Com Vortals,"HR onboarding process involving approvals, account creation, and employee record updates.",Insurance,Procurement,2,2,3,5,3,5,3,3,5,3,3,1,3,5,48,Process Redesign,Low,Medium
P0670,Leverage Turn-Key Web-Readiness,Finance team manually processes invoices through SAP and Excel with approval workflows.,Finance,Sales,2,1,1,1,4,2,7,4,5,3,3,2,3,1,40,Process Redesign,High,Medium
P0671,Incentivize Innovative Bandwidth,Insurance claims process involving document validation and manual data entry.,Telecommunications,Operations,5,4,2,5,5,5,8,8,2,5,5,2,3,4,100,Workflow Automation,High,High
P0672,E-Enable Visionary Portals,Retail inventory reconciliation across multiple systems and spreadsheets.,Government,Customer Service,4,3,2,5,2,1,10,9,4,4,3,3,3,3,59,AI Agent,High,High
P0673,Synthesize Real-Time Experiences,Finance team manually processes invoices through SAP and Excel with approval workflows.,Telecommunications,Student Services,1,3,3,4,1,1,4,4,5,3,5,3,1,3,30,Do Not Automate,Medium,Low
P0674,Cultivate Front-End Eyeballs,Healthcare records verification and compliance review process.,Retail,IT,2,2,4,1,5,4,8,1,1,5,3,4,5,2,100,Workflow Automation,High,High
P0675,E-Enable 24/365 Synergies,Insurance claims process involving document validation and manual data entry.,Government,Finance,2,5,4,4,2,5,7,6,3,4,2,5,1,1,100,Intelligent Document Processing,High,High
P0676,Enhance Bleeding-Edge E-Business,"Procurement process involving vendor comparison, approvals, and compliance checks.",Government,Claims,4,4,5,5,2,5,8,2,5,4,2,2,1,4,88,Intelligent Document Processing,High,High
P0677,Utilize Virtual Niches,Finance team manually processes invoices through SAP and Excel with approval workflows.,Logistics,Sales,2,3,1,3,2,3,6,1,3,4,5,1,2,5,56,AI Agent,Medium,Medium
P0678,E-Enable Intuitive Applications,University placement compliance and internship onboarding workflow.,Retail,Compliance,4,4,2,3,3,2,1,9,3,2,3,5,1,2,90,Intelligent Document Processing,High,High
P0679,Deliver Cross-Platform Roi,Healthcare records verification and compliance review process.,Government,Operations,2,5,5,2,4,2,6,4,2,3,5,2,2,3,100,Intelligent Document Processing,Medium,High
P0680,Utilize Intuitive Web Services,Healthcare records verification and compliance review process.,Logistics,Student Services,3,2,1,4,5,5,3,9,3,5,2,4,3,3,90,Intelligent Document Processing,High,High
P0681,Deploy Scalable Functionalities,Healthcare records verification and compliance review process.,Healthcare,Student Services,4,3,3,3,2,4,7,3,3,1,4,3,5,3,99,RPA,High,High
P0682,Transition Distributed Experiences,University placement compliance and internship onboarding workflow.,Telecommunications,Compliance,1,5,1,5,1,3,1,8,2,5,3,2,4,1,51,Process Redesign,High,Medium
P0683,Incentivize End-To-End Markets,Healthcare records verification and compliance review process.,Logistics,Student Services,5,1,2,5,5,2,8,8,4,1,2,2,1,2,54,Process Redesign,High,Medium
P0684,Grow End-To-End Communities,Retail inventory reconciliation across multiple systems and spreadsheets.,Banking,IT,1,4,1,2,5,2,8,6,3,3,5,5,1,2,76,Intelligent Document Processing,High,High
P0685,Implement Turn-Key Vortals,"Procurement process involving vendor comparison, approvals, and compliance checks.",Banking,Finance,3,3,4,3,2,4,8,2,2,2,1,2,3,5,98,Workflow Automation,High,High
P0686,Matrix 24/365 Bandwidth,Healthcare records verification and compliance review process.,Banking,Procurement,2,1,2,4,1,5,10,5,5,5,5,5,1,5,57,AI Copilot,High,High
P0687,Drive Proactive Supply-Chains,"Procurement process involving vendor comparison, approvals, and compliance checks.",Retail,Compliance,3,3,1,3,3,3,2,6,1,2,5,1,1,1,62,AI Agent,Medium,Medium
P0688,Iterate Vertical Supply-Chains,University placement compliance and internship onboarding workflow.,Healthcare,Sales,1,2,2,5,3,2,8,6,4,4,5,5,2,4,41,Process Redesign,High,Medium
P0689,Facilitate Global Roi,"Procurement process involving vendor comparison, approvals, and compliance checks.",Retail,HR,5,4,5,2,1,4,6,4,4,2,5,4,4,4,100,Workflow Automation,Medium,High
P0690,Transform Strategic Users,Insurance claims process involving document validation and manual data entry.,Healthcare,Finance,1,3,3,4,1,2,6,8,3,1,4,2,4,1,45,Process Redesign,High,Medium
P0691,Enable 24/7 Architectures,University placement compliance and internship onboarding workflow.,Retail,Student Services,5,3,2,5,2,4,9,9,5,4,1,5,5,5,80,Workflow Automation,High,High
P0692,Orchestrate Visionary Technologies,Healthcare records verification and compliance review process.,Healthcare,Customer Service,4,4,2,3,3,3,3,9,2,2,2,5,4,3,100,Workflow Automation,High,High
P0693,Strategize Scalable Relationships,"HR onboarding process involving approvals, account creation, and employee record updates.",Banking,HR,5,5,2,1,3,5,7,2,4,3,1,5,4,1,100,Workflow Automation,High,High
P0694,Scale Next-Generation Methodologies,Insurance claims process involving document validation and manual data entry.,Healthcare,Student Services,1,3,3,5,4,2,9,9,4,3,1,4,2,3,66,AI Agent,High,High
P0695,Innovate Leading-Edge Vortals,Retail inventory reconciliation across multiple systems and spreadsheets.,Retail,Sales,1,3,5,4,1,5,10,8,3,2,1,4,3,5,88,RPA,High,High
P0696,Repurpose Cross-Media Roi,Finance team manually processes invoices through SAP and Excel with approval workflows.,Retail,Compliance,2,4,1,5,4,1,4,7,1,2,3,1,2,5,45,Process Redesign,High,Medium
P0697,Matrix Collaborative Interfaces,Retail inventory reconciliation across multiple systems and spreadsheets.,Manufacturing,Finance,3,4,3,3,5,5,7,3,1,1,2,3,4,5,100,Workflow Automation,High,High
P0698,Reinvent Seamless Eyeballs,Customer support process involving complaint analysis and escalation management.,Government,HR,5,4,4,3,2,3,5,7,5,4,1,4,1,2,95,Workflow Automation,High,High
P0699,Drive Compelling Users,"Procurement process involving vendor comparison, approvals, and compliance checks.",Telecommunications,Sales,5,4,5,1,5,3,5,5,5,2,3,4,5,2,100,Workflow Automation,Medium,High
P0700,Target Holistic E-Commerce,Healthcare records verification and compliance review process.,Government,Compliance,5,4,1,5,3,3,10,3,5,2,2,5,1,4,93,RPA,High,High
P0701,Revolutionize World-Class Applications,University placement compliance and internship onboarding workflow.,Government,Student Services,5,4,3,4,1,5,7,6,2,3,2,4,4,5,100,Workflow Automation,High,High
P0702,Productize B2B E-Services,Customer support process involving complaint analysis and escalation management.,Logistics,Customer Service,5,3,1,5,4,3,8,5,2,5,2,3,3,1,93,Intelligent Document Processing,High,High
P0703,Utilize Holistic Info-Mediaries,"Procurement process involving vendor comparison, approvals, and compliance checks.",Logistics,HR,3,2,5,2,1,5,4,2,2,3,5,5,4,3,100,RPA,Medium,High
P0704,Architect Out-Of-The-Box Users,Insurance claims process involving document validation and manual data entry.,Banking,Procurement,4,4,4,1,5,5,9,6,2,2,5,4,1,5,100,Workflow Automation,High,High
P0705,Exploit Plug-And-Play Paradigms,Insurance claims process involving document validation and manual data entry.,Retail,Compliance,1,3,1,4,1,3,8,6,1,4,5,1,2,5,33,Do Not Automate,High,Low
P0706,Transform Scalable Roi,"HR onboarding process involving approvals, account creation, and employee record updates.",Manufacturing,Student Services,2,3,1,1,4,5,8,4,4,2,3,2,4,5,89,Intelligent Document Processing,High,High
P0707,Target Virtual Niches,Healthcare records verification and compliance review process.,Education,Compliance,4,3,5,5,3,4,2,6,2,4,1,5,2,3,100,Intelligent Document Processing,Medium,High
P0708,Incubate Extensible Communities,University placement compliance and internship onboarding workflow.,Education,Claims,2,5,3,5,3,4,1,10,3,1,5,3,5,3,86,Intelligent Document Processing,High,High
P0709,Embrace Seamless Solutions,Insurance claims process involving document validation and manual data entry.,Government,HR,4,2,5,4,2,5,1,9,4,4,3,1,4,4,81,Workflow Automation,High,High
P0710,Target Synergistic E-Business,"Procurement process involving vendor comparison, approvals, and compliance checks.",Finance,Customer Service,5,5,5,3,1,2,4,9,3,2,4,4,3,2,100,RPA,High,High
P0711,Evolve B2B Solutions,"HR onboarding process involving approvals, account creation, and employee record updates.",Manufacturing,IT,3,3,2,3,3,5,3,6,2,4,3,2,2,5,92,Intelligent Document Processing,Medium,High
P0712,Brand Enterprise Initiatives,Customer support process involving complaint analysis and escalation management.,Manufacturing,Finance,4,3,5,3,2,1,7,9,5,1,1,3,4,4,72,AI Agent,High,Medium
P0713,Morph Killer Paradigms,Insurance claims process involving document validation and manual data entry.,Logistics,HR,4,1,3,5,2,4,8,1,2,5,2,5,2,2,95,Workflow Automation,High,High
P0714,Disintermediate E-Business Networks,Insurance claims process involving document validation and manual data entry.,Insurance,Customer Service,5,4,4,5,4,5,5,2,5,3,5,3,5,2,100,RPA,Medium,High
P0715,Streamline Out-Of-The-Box Models,Healthcare records verification and compliance review process.,Banking,Customer Service,2,5,3,4,5,4,6,6,1,2,5,5,3,4,100,Workflow Automation,Medium,High
P0716,Syndicate Bleeding-Edge Eyeballs,Retail inventory reconciliation across multiple systems and spreadsheets.,Finance,Customer Service,1,4,3,3,3,3,2,7,2,5,4,1,3,5,68,Human-Assisted Automation,High,High
P0717,Extend B2B Paradigms,"HR onboarding process involving approvals, account creation, and employee record updates.",Manufacturing,Customer Service,3,2,5,4,5,3,1,5,3,4,4,3,5,5,91,Workflow Automation,Medium,High
P0718,Embrace 24/7 Niches,Finance team manually processes invoices through SAP and Excel with approval workflows.,Logistics,Compliance,4,5,2,3,5,5,9,1,4,3,1,4,2,1,100,Workflow Automation,High,High
P0719,Incubate 24/365 Partnerships,Insurance claims process involving document validation and manual data entry.,Healthcare,Student Services,3,2,2,2,4,4,7,2,3,1,2,1,3,2,86,Intelligent Document Processing,High,High
P0720,Aggregate Dot-Com Supply-Chains,Retail inventory reconciliation across multiple systems and spreadsheets.,Banking,Procurement,2,1,5,4,4,1,10,6,4,1,2,3,1,1,62,AI Agent,High,High
P0721,Innovate Robust Mindshare,Finance team manually processes invoices through SAP and Excel with approval workflows.,Insurance,Claims,1,5,1,5,3,4,7,7,3,4,3,1,3,3,63,AI Copilot,High,High
P0722,Exploit Cross-Platform Architectures,Healthcare records verification and compliance review process.,Healthcare,HR,1,4,3,3,1,4,1,10,5,5,2,3,3,3,63,AI Agent,High,Medium
P0723,Aggregate Leading-Edge Functionalities,Customer support process involving complaint analysis and escalation management.,Healthcare,IT,2,5,2,2,4,4,7,8,5,3,4,1,5,2,67,Human-Assisted Automation,High,High
P0724,Leverage Dot-Com Applications,Customer support process involving complaint analysis and escalation management.,Retail,Procurement,2,3,1,4,2,1,10,4,5,3,1,2,1,4,25,Do Not Automate,High,Low
P0725,Whiteboard Proactive Experiences,"Procurement process involving vendor comparison, approvals, and compliance checks.",Manufacturing,Procurement,1,5,3,5,4,3,3,7,2,4,1,1,2,3,70,Human-Assisted Automation,High,High
P0726,Deploy Frictionless Convergence,Insurance claims process involving document validation and manual data entry.,Manufacturing,Customer Service,3,2,4,5,5,2,10,1,4,2,2,3,4,2,75,RPA,High,High
P0727,Disintermediate Sticky Info-Mediaries,University placement compliance and internship onboarding workflow.,Insurance,Student Services,1,3,5,5,3,5,8,1,2,1,1,3,1,1,88,Workflow Automation,High,High
P0728,Transform Efficient Partnerships,Retail inventory reconciliation across multiple systems and spreadsheets.,Banking,Sales,5,1,4,5,4,2,8,1,1,2,3,3,3,4,100,Workflow Automation,High,High
P0729,Syndicate End-To-End Solutions,"Procurement process involving vendor comparison, approvals, and compliance checks.",Telecommunications,Compliance,2,1,5,5,2,5,9,5,2,1,4,3,1,4,84,Workflow Automation,High,High
P0730,Visualize Virtual Web-Readiness,"Procurement process involving vendor comparison, approvals, and compliance checks.",Banking,Finance,4,3,1,3,5,1,2,3,3,3,4,2,3,3,67,AI Agent,Low,Medium
P0731,Utilize Turn-Key E-Markets,Finance team manually processes invoices through SAP and Excel with approval workflows.,Insurance,IT,4,5,5,3,3,2,7,5,3,3,5,1,3,1,99,Workflow Automation,High,High
P0732,Benchmark Cross-Platform Action-Items,"Procurement process involving vendor comparison, approvals, and compliance checks.",Finance,HR,2,5,2,3,1,4,7,7,3,4,1,3,3,2,80,Intelligent Document Processing,High,High
P0733,Re-Contextualize Open-Source Technologies,Customer support process involving complaint analysis and escalation management.,Manufacturing,Operations,4,4,4,2,4,3,1,1,3,1,1,3,4,1,100,RPA,Low,High
P0734,Matrix Compelling Eyeballs,Customer support process involving complaint analysis and escalation management.,Healthcare,Customer Service,2,1,1,5,2,5,2,6,5,5,5,4,1,5,33,Do Not Automate,Medium,Low
P0735,Facilitate Next-Generation Functionalities,University placement compliance and internship onboarding workflow.,Finance,IT,4,4,1,1,4,5,4,3,5,1,3,4,4,3,100,RPA,Medium,High
P0736,Incubate E-Business Experiences,Insurance claims process involving document validation and manual data entry.,Logistics,Student Services,4,3,2,1,1,3,4,3,2,4,4,5,3,2,100,Intelligent Document Processing,Medium,High
P0737,Drive Distributed Communities,Healthcare records verification and compliance review process.,Telecommunications,Customer Service,3,4,4,1,5,3,3,6,5,4,4,2,1,2,93,RPA,Medium,High
P0738,Streamline Innovative Channels,Finance team manually processes invoices through SAP and Excel with approval workflows.,Manufacturing,HR,2,1,3,4,1,1,2,10,3,5,5,5,3,3,48,Process Redesign,High,Medium
P0739,Scale Next-Generation Portals,Finance team manually processes invoices through SAP and Excel with approval workflows.,Banking,Finance,1,5,1,5,2,1,8,1,2,1,1,4,5,1,46,Process Redesign,High,Medium
P0740,Monetize World-Class Roi,Finance team manually processes invoices through SAP and Excel with approval workflows.,Insurance,HR,5,2,3,1,1,3,2,7,5,1,5,5,1,5,97,RPA,High,High
P0741,Optimize Cutting-Edge Channels,Healthcare records verification and compliance review process.,Banking,Sales,1,5,1,4,4,3,6,5,1,1,5,1,5,3,75,RPA,Medium,High
P0742,Architect Revolutionary Paradigms,University placement compliance and internship onboarding workflow.,Healthcare,Operations,5,1,2,5,1,4,7,7,2,4,4,5,2,5,78,Workflow Automation,High,High
P0743,Syndicate One-To-One Models,Retail inventory reconciliation across multiple systems and spreadsheets.,Banking,Procurement,2,5,3,2,1,3,9,1,5,1,3,2,2,2,62,AI Agent,High,Medium
P0744,Empower Sticky Interfaces,Insurance claims process involving document validation and manual data entry.,Retail,Claims,4,1,2,4,2,1,10,9,2,3,5,3,5,5,62,AI Copilot,High,High
P0745,Benchmark Proactive E-Services,"Procurement process involving vendor comparison, approvals, and compliance checks.",Banking,Student Services,1,2,3,1,3,2,10,5,5,4,2,3,2,5,50,Process Redesign,High,Medium
P0746,Seize Cutting-Edge Initiatives,Customer support process involving complaint analysis and escalation management.,Government,Procurement,3,5,3,1,1,3,3,3,1,2,3,1,1,2,99,RPA,Low,High
P0747,Synergize Granular Web Services,University placement compliance and internship onboarding workflow.,Manufacturing,Customer Service,3,1,1,2,1,2,1,6,4,2,1,1,1,5,23,Do Not Automate,Medium,Low
P0748,Deploy Sticky Networks,Finance team manually processes invoices through SAP and Excel with approval workflows.,Banking,Compliance,2,4,5,2,2,3,4,1,1,4,4,3,1,1,100,Intelligent Document Processing,Medium,High
P0749,Target Transparent Roi,"Procurement process involving vendor comparison, approvals, and compliance checks.",Manufacturing,HR,3,4,5,3,2,3,6,1,5,5,5,1,2,5,69,AI Copilot,Medium,Medium
P0750,Enable Impactful Platforms,Retail inventory reconciliation across multiple systems and spreadsheets.,Banking,Sales,4,2,3,5,1,1,10,2,4,4,1,5,5,2,58,AI Agent,High,Medium
P0751,Innovate Customized Partnerships,University placement compliance and internship onboarding workflow.,Banking,Finance,5,5,1,4,4,2,4,4,1,4,5,2,5,2,96,Workflow Automation,Medium,High
P0752,Productize Interactive Interfaces,Customer support process involving complaint analysis and escalation management.,Logistics,Finance,2,1,2,3,2,2,10,1,5,3,2,3,1,2,42,Process Redesign,High,Medium
P0753,Harness Turn-Key Methodologies,Insurance claims process involving document validation and manual data entry.,Healthcare,HR,3,4,4,4,1,1,4,9,3,1,4,4,2,1,64,Human-Assisted Automation,High,High
P0754,Repurpose User-Centric Applications,Insurance claims process involving document validation and manual data entry.,Government,Customer Service,4,1,3,1,1,1,10,1,4,5,3,3,3,3,60,AI Copilot,High,High
P0755,Reinvent Holistic Info-Mediaries,Finance team manually processes invoices through SAP and Excel with approval workflows.,Government,Customer Service,2,3,1,1,1,4,10,9,2,2,2,3,2,3,81,Intelligent Document Processing,High,High
P0756,Engineer Cutting-Edge Info-Mediaries,Customer support process involving complaint analysis and escalation management.,Government,Student Services,3,2,1,3,2,1,6,2,1,2,1,4,5,2,61,Human-Assisted Automation,Medium,Medium
P0757,Cultivate Robust Partnerships,Healthcare records verification and compliance review process.,Healthcare,Operations,1,5,5,2,4,3,6,9,3,4,2,2,2,4,92,Workflow Automation,High,High
P0758,Mesh Distributed Platforms,University placement compliance and internship onboarding workflow.,Telecommunications,Customer Service,2,4,4,2,4,5,8,7,5,4,4,5,5,2,100,Workflow Automation,High,High
P0759,Engage Value-Added Interfaces,University placement compliance and internship onboarding workflow.,Telecommunications,Compliance,3,3,4,3,2,5,9,3,4,1,4,3,3,3,85,Workflow Automation,High,High
P0760,Revolutionize 24/7 Experiences,Customer support process involving complaint analysis and escalation management.,Telecommunications,Compliance,1,4,5,1,3,1,5,3,3,1,4,4,3,3,83,Intelligent Document Processing,Medium,High
P0761,Orchestrate Granular E-Services,"Procurement process involving vendor comparison, approvals, and compliance checks.",Finance,Claims,5,2,1,3,2,1,7,8,4,1,4,5,3,5,64,AI Agent,High,Medium
P0762,Streamline E-Business Models,Retail inventory reconciliation across multiple systems and spreadsheets.,Healthcare,Student Services,5,5,1,4,2,5,5,6,5,2,4,1,3,2,87,Workflow Automation,Medium,High
P0763,Engineer Mission-Critical Architectures,Retail inventory reconciliation across multiple systems and spreadsheets.,Logistics,Operations,4,5,3,4,3,3,1,7,3,1,1,5,1,2,100,RPA,High,High
P0764,Syndicate Robust Web Services,Healthcare records verification and compliance review process.,Manufacturing,HR,3,2,1,3,5,1,9,8,1,3,4,5,5,5,95,Workflow Automation,High,High
P0765,Optimize Global Architectures,"HR onboarding process involving approvals, account creation, and employee record updates.",Banking,IT,1,3,4,1,5,1,7,3,5,3,2,4,2,3,69,Human-Assisted Automation,High,High
P0766,Seize Next-Generation Interfaces,University placement compliance and internship onboarding workflow.,Logistics,Customer Service,5,4,3,4,3,4,4,10,2,5,2,3,5,4,100,Intelligent Document Processing,High,High
P0767,Embrace Next-Generation Web Services,"Procurement process involving vendor comparison, approvals, and compliance checks.",Retail,Finance,5,5,3,3,4,4,1,8,1,1,5,4,4,1,100,RPA,High,High
P0768,Redefine Cross-Media Functionalities,Insurance claims process involving document validation and manual data entry.,Finance,Procurement,2,1,2,1,5,2,1,8,2,5,4,1,4,2,70,Human-Assisted Automation,High,High
P0769,Mesh Front-End E-Business,Healthcare records verification and compliance review process.,Healthcare,Compliance,5,5,3,5,2,4,9,5,5,5,3,4,2,3,100,Workflow Automation,High,High
P0770,Syndicate 24/365 Initiatives,"Procurement process involving vendor comparison, approvals, and compliance checks.",Retail,Compliance,5,3,5,5,4,3,7,1,3,4,2,1,1,2,93,RPA,High,High
P0771,Harness Virtual Synergies,Retail inventory reconciliation across multiple systems and spreadsheets.,Manufacturing,HR,3,5,3,5,2,1,1,3,2,3,4,5,3,3,88,Intelligent Document Processing,Low,High
P0772,Evolve Magnetic Action-Items,Retail inventory reconciliation across multiple systems and spreadsheets.,Finance,HR,5,5,5,2,2,1,2,9,4,1,2,5,2,2,100,Intelligent Document Processing,High,High
P0773,Morph 24/7 Partnerships,Insurance claims process involving document validation and manual data entry.,Banking,Customer Service,2,5,1,4,2,4,4,10,3,5,1,1,1,5,53,Process Redesign,High,Medium
P0774,Syndicate Global Content,Retail inventory reconciliation across multiple systems and spreadsheets.,Telecommunications,IT,3,1,3,2,1,5,1,8,5,1,2,5,2,5,75,RPA,High,High
P0775,Implement Global E-Markets,"HR onboarding process involving approvals, account creation, and employee record updates.",Finance,Student Services,5,4,2,5,2,5,6,8,2,1,4,4,4,4,100,Intelligent Document Processing,High,High
P0776,Leverage Cross-Platform Platforms,University placement compliance and internship onboarding workflow.,Telecommunications,HR,3,3,4,5,1,5,9,3,5,3,5,2,1,3,69,AI Copilot,High,High
P0777,Scale Enterprise Experiences,"Procurement process involving vendor comparison, approvals, and compliance checks.",Education,Procurement,1,2,2,1,1,2,7,2,4,2,3,5,3,1,51,Process Redesign,High,Medium
P0778,Target One-To-One Mindshare,Healthcare records verification and compliance review process.,Finance,Student Services,5,2,4,2,3,3,5,2,5,2,1,1,5,1,83,Workflow Automation,Medium,High
P0779,Matrix Global Mindshare,Retail inventory reconciliation across multiple systems and spreadsheets.,Banking,Operations,2,4,5,2,3,4,10,8,5,3,2,5,5,3,100,RPA,High,High
P0780,Extend Cross-Media Convergence,"Procurement process involving vendor comparison, approvals, and compliance checks.",Telecommunications,Operations,1,2,4,3,4,3,10,4,1,1,5,4,5,2,85,Intelligent Document Processing,High,High
P0781,Transition Transparent Systems,"HR onboarding process involving approvals, account creation, and employee record updates.",Government,IT,2,3,3,5,3,3,4,6,4,2,4,5,3,2,70,AI Copilot,Medium,High
P0782,Synthesize Granular Schemas,Finance team manually processes invoices through SAP and Excel with approval workflows.,Logistics,IT,3,5,5,2,1,1,10,2,3,4,3,1,3,3,76,Intelligent Document Processing,High,High
P0783,Productize Customized Functionalities,Retail inventory reconciliation across multiple systems and spreadsheets.,Education,Compliance,4,4,1,1,3,2,7,8,4,4,4,5,3,4,97,RPA,High,High
P0784,Incubate Front-End Vortals,"Procurement process involving vendor comparison, approvals, and compliance checks.",Banking,HR,4,3,2,2,3,5,1,9,4,2,2,4,4,5,100,Intelligent Document Processing,High,High
P0785,Exploit E-Business E-Commerce,Retail inventory reconciliation across multiple systems and spreadsheets.,Telecommunications,Sales,1,4,2,2,3,5,5,7,1,2,4,1,2,3,91,RPA,High,High
P0786,Strategize Cross-Media Supply-Chains,Healthcare records verification and compliance review process.,Telecommunications,Procurement,1,5,1,4,4,4,6,3,1,5,1,2,3,2,80,Intelligent Document Processing,Medium,High
P0787,Transform Holistic Supply-Chains,Finance team manually processes invoices through SAP and Excel with approval workflows.,Government,Procurement,3,5,5,4,4,2,3,3,4,4,5,1,2,3,95,RPA,Low,High
P0788,Generate E-Business Info-Mediaries,"HR onboarding process involving approvals, account creation, and employee record updates.",Education,Student Services,2,4,4,3,4,1,10,2,5,2,5,4,4,4,66,AI Agent,High,Medium
P0789,Integrate Compelling Convergence,Healthcare records verification and compliance review process.,Banking,Customer Service,4,3,5,3,3,1,9,10,1,5,3,3,2,1,95,RPA,High,High
P0790,Drive Bricks-And-Clicks Models,Insurance claims process involving document validation and manual data entry.,Banking,HR,5,2,3,2,4,4,4,3,4,1,5,3,3,1,100,RPA,Medium,High
P0791,Engineer Cross-Platform Partnerships,University placement compliance and internship onboarding workflow.,Retail,HR,3,3,5,5,2,2,8,4,1,4,3,4,2,1,90,Intelligent Document Processing,High,High
P0792,Evolve Strategic Supply-Chains,Insurance claims process involving document validation and manual data entry.,Logistics,Finance,1,3,2,4,5,4,9,7,5,2,4,2,3,1,50,Process Redesign,High,Medium
P0793,Harness 24/7 Networks,"Procurement process involving vendor comparison, approvals, and compliance checks.",Retail,Customer Service,1,3,3,4,2,4,8,5,4,2,5,1,5,1,48,Process Redesign,High,Medium
P0794,Incentivize Interactive Relationships,Retail inventory reconciliation across multiple systems and spreadsheets.,Logistics,HR,1,2,2,2,3,1,5,8,5,3,1,1,4,1,31,Do Not Automate,High,Low
P0795,Reinvent World-Class E-Markets,University placement compliance and internship onboarding workflow.,Finance,Student Services,2,3,2,4,5,2,10,3,1,1,2,2,4,2,71,Human-Assisted Automation,High,Medium
P0796,Drive E-Business Infrastructures,"HR onboarding process involving approvals, account creation, and employee record updates.",Banking,Claims,1,5,4,1,1,4,5,8,4,3,3,3,2,4,95,Workflow Automation,High,High
P0797,Streamline Granular Communities,Retail inventory reconciliation across multiple systems and spreadsheets.,Banking,Procurement,1,1,3,3,3,1,8,2,1,4,1,2,2,3,49,Process Redesign,High,Medium
P0798,Redefine Viral Metrics,"HR onboarding process involving approvals, account creation, and employee record updates.",Healthcare,Claims,4,5,4,5,5,5,6,10,2,5,4,1,4,3,100,Intelligent Document Processing,High,High
P0799,Synthesize 24/365 Synergies,Finance team manually processes invoices through SAP and Excel with approval workflows.,Banking,HR,5,5,2,3,4,5,5,1,4,1,3,3,1,3,100,RPA,Medium,High
P0800,Exploit Ubiquitous Web Services,Healthcare records verification and compliance review process.,Banking,Finance,1,2,5,3,1,2,10,4,2,3,4,1,1,3,56,AI Agent,High,High
P0801,Productize Seamless Synergies,Insurance claims process involving document validation and manual data entry.,Government,IT,1,2,1,5,2,5,4,8,1,1,2,2,3,1,62,Human-Assisted Automation,High,Medium
P0802,Leverage Granular Web-Readiness,Insurance claims process involving document validation and manual data entry.,Healthcare,Customer Service,5,5,5,5,4,2,2,3,1,2,3,2,2,1,100,Intelligent Document Processing,Low,High
P0803,Deploy B2B Eyeballs,Insurance claims process involving document validation and manual data entry.,Government,Operations,2,1,1,5,3,5,7,10,3,3,5,5,5,1,74,AI Copilot,High,High
P0804,Revolutionize Bleeding-Edge Relationships,Healthcare records verification and compliance review process.,Manufacturing,IT,5,4,4,2,3,2,6,3,3,2,3,1,4,2,97,Workflow Automation,Medium,High
P0805,Innovate Innovative Architectures,Retail inventory reconciliation across multiple systems and spreadsheets.,Finance,Sales,1,3,4,1,1,3,1,6,4,4,5,4,5,1,82,Intelligent Document Processing,Medium,High
P0806,Synthesize Impactful Metrics,"Procurement process involving vendor comparison, approvals, and compliance checks.",Education,Compliance,1,2,2,5,5,3,9,4,3,4,5,4,2,2,52,Process Redesign,High,Medium
P0807,Exploit Web-Enabled Mindshare,Finance team manually processes invoices through SAP and Excel with approval workflows.,Retail,Customer Service,1,2,5,1,1,2,5,5,5,1,4,2,3,2,48,Process Redesign,Medium,Medium
P0808,Brand Frictionless Info-Mediaries,"Procurement process involving vendor comparison, approvals, and compliance checks.",Manufacturing,IT,3,1,1,5,2,2,4,1,3,4,3,4,3,1,42,Process Redesign,Medium,Medium
P0809,Target Impactful Methodologies,Healthcare records verification and compliance review process.,Education,HR,3,3,4,5,2,4,9,1,5,3,3,2,5,3,62,Human-Assisted Automation,High,High
P0810,Incentivize One-To-One E-Tailers,University placement compliance and internship onboarding workflow.,Telecommunications,Compliance,5,1,5,1,2,1,10,10,1,4,3,5,5,5,100,RPA,High,High
P0811,Generate Dynamic Paradigms,"Procurement process involving vendor comparison, approvals, and compliance checks.",Healthcare,Procurement,1,3,3,3,2,5,3,2,4,3,4,3,1,4,68,Human-Assisted Automation,Low,Medium
P0812,Integrate Revolutionary Eyeballs,"HR onboarding process involving approvals, account creation, and employee record updates.",Healthcare,Claims,1,1,3,4,1,4,2,6,4,4,5,1,2,3,29,Do Not Automate,Medium,Low
P0813,Disintermediate Impactful Web Services,"HR onboarding process involving approvals, account creation, and employee record updates.",Government,Claims,2,3,4,5,4,2,9,5,4,4,2,3,5,5,73,Human-Assisted Automation,High,Medium
P0814,Optimize Value-Added Mindshare,"Procurement process involving vendor comparison, approvals, and compliance checks.",Finance,Student Services,4,5,1,4,5,5,1,2,3,4,4,5,3,1,100,RPA,Low,High
P0815,Redefine Collaborative Relationships,"Procurement process involving vendor comparison, approvals, and compliance checks.",Logistics,Operations,3,5,3,4,4,2,3,3,3,2,3,3,5,1,94,RPA,Low,High
P0816,Cultivate Transparent Solutions,Finance team manually processes invoices through SAP and Excel with approval workflows.,Healthcare,Claims,5,1,5,4,5,5,8,1,4,4,5,3,2,4,100,Workflow Automation,High,High
P0817,Synergize Cutting-Edge Roi,Insurance claims process involving document validation and manual data entry.,Retail,Procurement,3,2,2,2,5,3,9,6,2,1,4,2,1,1,95,Workflow Automation,High,High
P0818,Extend Plug-And-Play Portals,Customer support process involving complaint analysis and escalation management.,Healthcare,Operations,4,3,3,1,2,4,6,4,5,5,3,5,4,4,100,RPA,Medium,High
P0819,Incubate Intuitive Roi,Retail inventory reconciliation across multiple systems and spreadsheets.,Education,HR,3,1,5,2,4,4,2,1,4,3,2,2,5,4,79,Intelligent Document Processing,Low,High
P0820,Streamline Magnetic Technologies,Insurance claims process involving document validation and manual data entry.,Banking,Finance,2,4,5,4,1,3,1,7,5,1,1,5,1,2,87,Workflow Automation,High,High
P0821,Architect Cross-Platform Methodologies,Customer support process involving complaint analysis and escalation management.,Telecommunications,Operations,3,1,1,4,5,5,1,4,3,3,2,5,2,4,89,Workflow Automation,Medium,High
P0822,Engineer Proactive Channels,University placement compliance and internship onboarding workflow.,Finance,Finance,3,4,1,2,2,5,2,6,4,3,5,3,3,3,94,Workflow Automation,Medium,High
P0823,Evolve Seamless E-Services,"HR onboarding process involving approvals, account creation, and employee record updates.",Telecommunications,Customer Service,1,5,2,3,2,5,10,9,1,2,1,1,1,5,85,RPA,High,High
P0824,Leverage Extensible Experiences,"Procurement process involving vendor comparison, approvals, and compliance checks.",Logistics,Finance,4,5,3,2,4,3,6,9,2,4,4,3,1,1,100,Workflow Automation,High,High
P0825,E-Enable Seamless Models,Retail inventory reconciliation across multiple systems and spreadsheets.,Telecommunications,Operations,4,2,2,2,4,4,5,8,4,3,4,3,4,5,90,Workflow Automation,High,High
P0826,Orchestrate Global E-Tailers,Retail inventory reconciliation across multiple systems and spreadsheets.,Logistics,IT,2,4,4,1,3,1,7,7,4,4,1,3,4,4,73,Human-Assisted Automation,High,High
P0827,Reinvent Proactive Vortals,University placement compliance and internship onboarding workflow.,Education,Student Services,5,1,4,3,2,2,9,4,3,3,1,1,1,2,76,Intelligent Document Processing,High,High
P0828,Benchmark 24/365 Solutions,Finance team manually processes invoices through SAP and Excel with approval workflows.,Logistics,HR,2,1,2,3,1,2,6,1,3,5,5,1,1,1,30,Do Not Automate,Medium,Low
P0829,Re-Intermediate Leading-Edge Convergence,"Procurement process involving vendor comparison, approvals, and compliance checks.",Finance,Compliance,1,1,2,5,5,1,8,5,3,5,5,1,3,5,29,Do Not Automate,High,Low
P0830,Scale Ubiquitous Communities,Retail inventory reconciliation across multiple systems and spreadsheets.,Telecommunications,Procurement,3,3,3,1,2,2,5,10,5,4,5,2,4,4,57,AI Agent,High,High
P0831,Envisioneer Synergistic Eyeballs,Insurance claims process involving document validation and manual data entry.,Retail,Sales,5,4,5,1,1,3,3,1,2,3,2,5,5,2,100,Intelligent Document Processing,Low,High
P0832,Re-Intermediate Open-Source Partnerships,University placement compliance and internship onboarding workflow.,Telecommunications,Compliance,2,4,5,2,2,2,5,5,4,4,4,1,4,1,72,Human-Assisted Automation,Medium,High
P0833,Transform Enterprise Schemas,"Procurement process involving vendor comparison, approvals, and compliance checks.",Manufacturing,Customer Service,3,1,1,5,3,2,3,4,2,3,4,4,4,1,47,Process Redesign,Medium,Medium
P0834,Expedite Innovative Relationships,Healthcare records verification and compliance review process.,Retail,Student Services,2,2,4,3,1,4,4,8,1,2,2,1,2,5,65,AI Agent,High,Medium
P0835,Engage Web-Enabled Supply-Chains,University placement compliance and internship onboarding workflow.,Government,HR,5,1,4,5,4,2,3,2,5,2,1,4,5,5,80,Workflow Automation,Low,High
P0836,Implement Turn-Key Content,"Procurement process involving vendor comparison, approvals, and compliance checks.",Healthcare,Student Services,2,5,2,3,3,1,5,10,1,4,5,1,1,5,77,RPA,High,High
P0837,Facilitate Transparent Web-Readiness,Healthcare records verification and compliance review process.,Logistics,Finance,2,4,1,4,4,2,3,5,1,5,2,1,1,5,54,Process Redesign,Medium,Medium
P0838,Implement Revolutionary Technologies,"Procurement process involving vendor comparison, approvals, and compliance checks.",Retail,HR,3,3,3,5,2,3,4,10,2,2,5,3,3,4,75,RPA,High,High
P0839,Monetize Mission-Critical Schemas,"Procurement process involving vendor comparison, approvals, and compliance checks.",Education,HR,1,1,3,4,5,5,7,9,3,1,4,5,1,1,95,Intelligent Document Processing,High,High
P0840,Implement Interactive Eyeballs,Insurance claims process involving document validation and manual data entry.,Healthcare,Customer Service,5,3,2,4,3,2,9,5,5,4,2,2,4,5,62,AI Agent,High,Medium
P0841,Syndicate User-Centric E-Business,Finance team manually processes invoices through SAP and Excel with approval workflows.,Retail,Sales,2,1,5,5,3,3,3,7,5,3,1,4,5,1,65,Human-Assisted Automation,High,High
P0842,Synergize Virtual Web-Readiness,Healthcare records verification and compliance review process.,Telecommunications,Procurement,5,2,2,5,4,4,7,7,5,3,2,2,4,1,67,AI Agent,High,Medium
P0843,Orchestrate Global Users,"Procurement process involving vendor comparison, approvals, and compliance checks.",Insurance,Operations,5,4,1,5,4,1,10,9,4,3,3,3,3,1,60,AI Copilot,High,Medium
P0844,Grow Value-Added Interfaces,Customer support process involving complaint analysis and escalation management.,Retail,Operations,1,2,5,2,1,3,3,2,2,5,1,1,4,3,70,Human-Assisted Automation,Low,Medium
P0845,Cultivate Bricks-And-Clicks Supply-Chains,University placement compliance and internship onboarding workflow.,Government,HR,5,2,1,2,5,3,5,9,1,1,4,4,4,1,100,RPA,High,High
P0846,Evolve Innovative Synergies,"Procurement process involving vendor comparison, approvals, and compliance checks.",Insurance,Claims,2,4,3,1,3,5,10,6,3,2,2,4,4,1,100,Workflow Automation,High,High
P0847,Iterate Value-Added Synergies,Healthcare records verification and compliance review process.,Manufacturing,IT,5,5,2,3,4,2,7,4,1,2,5,1,3,5,96,Intelligent Document Processing,High,High
P0848,Re-Contextualize Out-Of-The-Box Architectures,"Procurement process involving vendor comparison, approvals, and compliance checks.",Retail,Compliance,2,5,4,4,1,2,4,3,2,4,4,4,1,1,85,Workflow Automation,Medium,High
P0849,Incentivize Customized Communities,"Procurement process involving vendor comparison, approvals, and compliance checks.",Manufacturing,Sales,4,2,2,4,5,4,9,4,4,2,4,4,2,4,99,Workflow Automation,High,High
P0850,Grow Open-Source Mindshare,Retail inventory reconciliation across multiple systems and spreadsheets.,Government,Finance,1,3,5,2,5,5,6,3,5,3,4,2,3,5,91,Workflow Automation,Medium,High
P0851,Transform Holistic Systems,"Procurement process involving vendor comparison, approvals, and compliance checks.",Healthcare,Customer Service,4,5,2,4,3,3,2,2,1,3,4,5,5,3,100,RPA,Low,High
P0852,Re-Contextualize Seamless Supply-Chains,Insurance claims process involving document validation and manual data entry.,Logistics,Claims,4,1,3,3,1,5,8,4,3,1,1,2,5,5,86,Intelligent Document Processing,High,High
P0853,Expedite Compelling Methodologies,Finance team manually processes invoices through SAP and Excel with approval workflows.,Finance,Operations,5,2,4,3,1,3,3,7,2,4,5,5,2,3,98,Intelligent Document Processing,High,High
P0854,Deliver Efficient Content,Healthcare records verification and compliance review process.,Finance,Compliance,5,2,5,4,5,4,4,5,3,2,4,2,1,3,100,RPA,Medium,High
P0855,Cultivate Wireless Metrics,"Procurement process involving vendor comparison, approvals, and compliance checks.",Logistics,Compliance,3,5,1,2,4,2,4,6,2,3,2,2,4,2,85,Intelligent Document Processing,Medium,High
P0856,Architect Cross-Platform Markets,Healthcare records verification and compliance review process.,Retail,IT,2,3,1,4,1,1,5,1,2,3,1,5,3,2,60,AI Copilot,Medium,Medium
P0857,Orchestrate Frictionless Partnerships,Healthcare records verification and compliance review process.,Finance,IT,5,3,4,5,1,5,6,4,2,1,1,5,5,4,100,RPA,Medium,High
P0858,Deliver Strategic Synergies,University placement compliance and internship onboarding workflow.,Government,Finance,5,2,5,3,4,4,2,4,3,3,5,1,2,3,100,Workflow Automation,Medium,High
P0859,Optimize Robust Paradigms,Finance team manually processes invoices through SAP and Excel with approval workflows.,Manufacturing,Finance,1,3,2,1,2,3,2,2,4,4,2,2,1,2,50,Process Redesign,Low,Medium
P0860,Mesh Dot-Com E-Commerce,"Procurement process involving vendor comparison, approvals, and compliance checks.",Finance,Sales,1,4,2,4,1,4,1,4,3,2,4,5,1,4,74,AI Agent,Medium,Medium
P0861,Brand Distributed Models,Healthcare records verification and compliance review process.,Healthcare,HR,3,3,4,5,5,3,9,2,1,3,2,4,1,4,100,Workflow Automation,High,High
P0862,Streamline Ubiquitous Mindshare,Healthcare records verification and compliance review process.,Telecommunications,Customer Service,5,1,3,2,5,5,3,5,1,2,2,4,1,3,100,Intelligent Document Processing,Medium,High
P0863,Strategize Dynamic Channels,Insurance claims process involving document validation and manual data entry.,Logistics,Claims,1,3,2,5,3,3,5,9,4,3,5,5,3,1,58,AI Copilot,High,High
P0864,Re-Contextualize Web-Enabled Models,"Procurement process involving vendor comparison, approvals, and compliance checks.",Banking,Operations,2,5,1,2,4,4,8,3,5,4,3,2,4,3,70,AI Copilot,High,Medium
P0865,Mesh Revolutionary Content,University placement compliance and internship onboarding workflow.,Telecommunications,Finance,3,1,3,2,1,5,4,6,4,4,4,3,2,1,75,Workflow Automation,Medium,High
P0866,Iterate Web-Enabled Systems,"Procurement process involving vendor comparison, approvals, and compliance checks.",Manufacturing,Customer Service,1,4,4,3,2,5,4,8,5,1,3,2,1,4,67,AI Agent,High,High
P0867,Morph 24/7 Vortals,"Procurement process involving vendor comparison, approvals, and compliance checks.",Insurance,Sales,1,5,5,4,3,1,4,9,1,4,1,1,3,2,74,AI Copilot,High,High
P0868,Architect Plug-And-Play Deliverables,University placement compliance and internship onboarding workflow.,Education,Procurement,4,4,1,3,4,3,4,7,1,5,3,5,4,5,100,RPA,High,High
P0869,Enhance Plug-And-Play Roi,Insurance claims process involving document validation and manual data entry.,Logistics,HR,5,3,4,2,1,1,5,5,3,1,4,4,5,2,95,Intelligent Document Processing,Medium,High
P0870,Optimize Dynamic Experiences,Customer support process involving complaint analysis and escalation management.,Logistics,Procurement,3,3,3,3,4,3,3,3,4,5,1,4,4,5,91,Intelligent Document Processing,Low,High
P0871,Redefine Clicks-And-Mortar Functionalities,"HR onboarding process involving approvals, account creation, and employee record updates.",Manufacturing,Sales,1,3,4,3,3,4,4,6,3,2,5,5,3,5,99,Workflow Automation,Medium,High
P0872,Grow Distributed Web-Readiness,Insurance claims process involving document validation and manual data entry.,Telecommunications,HR,3,4,3,1,1,3,9,9,3,2,1,5,1,4,100,RPA,High,High
P0873,Enhance Next-Generation Bandwidth,Customer support process involving complaint analysis and escalation management.,Finance,Student Services,3,1,1,4,3,4,6,8,4,2,5,1,5,3,49,Process Redesign,High,Medium
P0874,Brand Front-End Solutions,"HR onboarding process involving approvals, account creation, and employee record updates.",Government,Student Services,4,2,1,5,1,2,2,10,4,5,2,5,4,2,52,Process Redesign,High,Medium
P0875,Expedite Web-Enabled Metrics,"Procurement process involving vendor comparison, approvals, and compliance checks.",Education,Sales,4,5,3,4,4,2,4,5,4,1,5,2,5,1,84,RPA,Medium,High
P0876,Morph Real-Time Portals,University placement compliance and internship onboarding workflow.,Retail,HR,4,4,2,2,1,2,4,4,2,5,2,1,2,1,80,Intelligent Document Processing,Medium,High
P0877,Embrace Customized Communities,University placement compliance and internship onboarding workflow.,Education,Finance,2,1,2,2,5,5,3,7,4,3,4,2,4,4,82,RPA,High,High
P0878,Productize Magnetic Bandwidth,Retail inventory reconciliation across multiple systems and spreadsheets.,Manufacturing,Operations,1,1,4,5,3,4,10,9,4,3,4,1,1,5,30,Do Not Automate,High,Low
P0879,Architect Bricks-And-Clicks Markets,Healthcare records verification and compliance review process.,Education,Sales,2,5,5,3,5,1,1,4,3,2,4,4,3,3,100,Workflow Automation,Medium,High
P0880,Benchmark Web-Enabled Partnerships,Retail inventory reconciliation across multiple systems and spreadsheets.,Finance,Claims,5,4,2,1,2,3,3,3,2,1,5,5,4,5,100,Workflow Automation,Low,High
P0881,Streamline Bleeding-Edge Info-Mediaries,"HR onboarding process involving approvals, account creation, and employee record updates.",Healthcare,Student Services,1,4,2,3,4,1,5,10,4,1,3,2,2,2,39,Do Not Automate,High,Low
P0882,Transition Distributed Users,University placement compliance and internship onboarding workflow.,Banking,Sales,4,5,5,1,5,3,10,7,3,1,3,3,5,2,100,Intelligent Document Processing,High,High
P0883,Visualize Distributed Eyeballs,Retail inventory reconciliation across multiple systems and spreadsheets.,Telecommunications,Claims,5,2,3,4,3,3,7,8,3,1,3,4,3,2,88,RPA,High,High
P0884,Unleash Sticky Web Services,Retail inventory reconciliation across multiple systems and spreadsheets.,Finance,Compliance,1,3,1,2,2,1,2,4,3,2,5,4,4,5,44,Process Redesign,Medium,Medium
P0885,Integrate Back-End E-Markets,Healthcare records verification and compliance review process.,Telecommunications,Sales,4,2,2,5,4,1,3,4,3,2,5,4,1,2,72,Human-Assisted Automation,Medium,High
P0886,Matrix Cross-Media Initiatives,Retail inventory reconciliation across multiple systems and spreadsheets.,Banking,IT,3,3,5,2,3,3,7,2,3,4,3,5,2,3,100,RPA,High,High
P0887,Unleash Enterprise Deliverables,Retail inventory reconciliation across multiple systems and spreadsheets.,Logistics,Procurement,1,4,1,4,4,4,4,8,2,3,2,5,5,1,93,Workflow Automation,High,High
P0888,Matrix Sticky Mindshare,University placement compliance and internship onboarding workflow.,Retail,Compliance,3,3,2,4,5,2,1,9,3,4,4,4,1,4,76,Intelligent Document Processing,High,High
P0889,Repurpose Viral Communities,"Procurement process involving vendor comparison, approvals, and compliance checks.",Banking,Operations,3,2,2,3,1,5,4,4,5,4,5,1,5,2,60,AI Agent,Medium,Medium
P0890,Harness Web-Enabled Functionalities,"Procurement process involving vendor comparison, approvals, and compliance checks.",Insurance,Procurement,3,1,4,4,3,4,4,5,2,3,1,4,4,2,92,Intelligent Document Processing,Medium,High
P0891,Engage Ubiquitous Supply-Chains,University placement compliance and internship onboarding workflow.,Finance,Procurement,4,2,4,1,2,5,7,8,1,1,2,3,4,4,100,Workflow Automation,High,High
P0892,Whiteboard Extensible Communities,Finance team manually processes invoices through SAP and Excel with approval workflows.,Insurance,Operations,3,5,4,1,5,2,1,4,4,1,5,3,1,1,100,Workflow Automation,Medium,High
P0893,Engage Customized Paradigms,"Procurement process involving vendor comparison, approvals, and compliance checks.",Finance,Finance,1,2,4,2,2,1,3,8,1,1,5,4,3,3,64,Human-Assisted Automation,High,High
P0894,Aggregate Bricks-And-Clicks E-Markets,"HR onboarding process involving approvals, account creation, and employee record updates.",Insurance,Compliance,5,1,3,5,3,1,6,2,1,5,4,3,1,2,83,Intelligent Document Processing,Medium,High
P0895,Evolve Rich E-Services,University placement compliance and internship onboarding workflow.,Finance,Student Services,1,3,1,2,5,5,10,2,1,2,3,4,1,1,100,RPA,High,High
P0896,Enable Strategic Functionalities,"Procurement process involving vendor comparison, approvals, and compliance checks.",Finance,Sales,4,1,1,5,1,3,4,10,2,1,1,2,3,3,52,Process Redesign,High,Medium
P0897,Incubate Transparent Eyeballs,Finance team manually processes invoices through SAP and Excel with approval workflows.,Banking,IT,1,3,2,1,5,2,5,8,5,2,1,3,4,1,66,AI Agent,High,High
P0898,Implement Wireless Vortals,Healthcare records verification and compliance review process.,Banking,Operations,1,3,2,2,3,2,3,4,1,2,3,4,3,2,81,Intelligent Document Processing,Medium,High
P0899,Engineer Turn-Key Partnerships,Customer support process involving complaint analysis and escalation management.,Education,Student Services,2,2,4,1,4,3,1,5,2,2,4,5,4,3,100,Intelligent Document Processing,Medium,High
P0900,Re-Contextualize Enterprise Web Services,"Procurement process involving vendor comparison, approvals, and compliance checks.",Logistics,Student Services,5,5,2,3,1,4,10,1,3,3,3,2,4,3,96,Intelligent Document Processing,High,High
P0901,Brand Magnetic Metrics,"Procurement process involving vendor comparison, approvals, and compliance checks.",Telecommunications,HR,3,2,4,4,3,4,9,6,5,2,5,1,5,1,63,AI Agent,High,Medium
P0902,Deploy Front-End Networks,Customer support process involving complaint analysis and escalation management.,Retail,Compliance,2,3,5,5,4,2,5,7,1,2,4,5,4,5,97,Workflow Automation,High,High
P0903,Deliver Customized Action-Items,"Procurement process involving vendor comparison, approvals, and compliance checks.",Healthcare,HR,4,2,2,3,1,4,3,2,2,3,4,4,2,4,85,Workflow Automation,Low,High
P0904,Redefine Integrated Mindshare,University placement compliance and internship onboarding workflow.,Insurance,Student Services,1,5,3,1,1,2,2,4,2,3,4,5,4,1,90,Workflow Automation,Medium,High
P0905,Leverage Killer Deliverables,"HR onboarding process involving approvals, account creation, and employee record updates.",Retail,Student Services,5,3,5,2,5,4,8,5,5,4,5,2,1,1,100,RPA,High,High
P0906,Engage Dynamic Paradigms,Retail inventory reconciliation across multiple systems and spreadsheets.,Education,Customer Service,2,1,4,1,1,5,2,9,1,1,1,2,4,5,98,RPA,High,High
P0907,Streamline Vertical E-Business,University placement compliance and internship onboarding workflow.,Retail,IT,3,1,3,2,2,4,3,7,2,3,5,1,2,3,61,Human-Assisted Automation,High,Medium
P0908,Transition Leading-Edge E-Tailers,Healthcare records verification and compliance review process.,Education,Operations,4,1,2,5,4,5,8,8,2,4,1,2,3,2,88,Workflow Automation,High,High
P0909,Synthesize Bleeding-Edge Experiences,Healthcare records verification and compliance review process.,Government,Procurement,5,1,3,2,2,3,4,2,1,1,1,3,4,2,93,Intelligent Document Processing,Medium,High
P0910,Generate B2C Users,Finance team manually processes invoices through SAP and Excel with approval workflows.,Healthcare,Operations,2,2,1,5,1,2,9,5,2,1,3,1,2,1,25,Do Not Automate,High,Low
P0911,E-Enable 24/365 Schemas,Customer support process involving complaint analysis and escalation management.,Insurance,Compliance,5,3,4,2,3,5,3,8,4,1,3,3,4,5,100,Workflow Automation,High,High
P0912,Incubate Innovative E-Markets,Healthcare records verification and compliance review process.,Retail,Compliance,5,3,3,4,2,1,8,4,4,5,1,3,1,1,61,AI Copilot,High,High
P0913,Scale Turn-Key E-Markets,"Procurement process involving vendor comparison, approvals, and compliance checks.",Finance,Student Services,1,1,1,4,4,1,10,2,1,3,1,3,5,5,47,Process Redesign,High,Medium
P0914,Facilitate Frictionless Technologies,Finance team manually processes invoices through SAP and Excel with approval workflows.,Banking,Student Services,1,2,2,1,1,5,8,5,1,3,1,5,1,1,91,Workflow Automation,High,High
P0915,Incentivize Granular Portals,Insurance claims process involving document validation and manual data entry.,Healthcare,Procurement,1,4,2,3,3,2,5,9,2,1,1,3,5,4,74,AI Agent,High,High
P0916,Incubate Value-Added Experiences,Insurance claims process involving document validation and manual data entry.,Education,HR,2,3,4,2,4,1,7,8,5,3,1,4,5,2,79,Intelligent Document Processing,High,High
P0917,Envisioneer Frictionless Infrastructures,University placement compliance and internship onboarding workflow.,Telecommunications,Compliance,1,2,1,1,2,5,3,5,5,1,4,3,5,3,47,Process Redesign,Medium,Medium
P0918,Unleash Next-Generation Supply-Chains,"HR onboarding process involving approvals, account creation, and employee record updates.",Finance,Customer Service,2,4,3,1,5,3,5,3,5,1,3,5,5,5,100,Workflow Automation,Medium,High
P0919,Cultivate Value-Added Infrastructures,Healthcare records verification and compliance review process.,Telecommunications,Customer Service,2,2,3,2,4,1,8,7,2,3,2,4,5,5,74,AI Copilot,High,High
P0920,Revolutionize Sticky Initiatives,Finance team manually processes invoices through SAP and Excel with approval workflows.,Finance,Procurement,5,3,2,3,1,3,2,2,4,4,1,4,1,1,87,Intelligent Document Processing,Low,High
P0921,Implement 24/365 Supply-Chains,Customer support process involving complaint analysis and escalation management.,Healthcare,Finance,5,2,1,2,3,5,9,8,2,2,2,1,5,5,95,RPA,High,High
P0922,Transform Next-Generation Action-Items,Insurance claims process involving document validation and manual data entry.,Telecommunications,Sales,4,4,5,4,3,3,4,8,4,2,2,5,3,1,100,Workflow Automation,High,High
P0923,Expedite Leading-Edge Experiences,Finance team manually processes invoices through SAP and Excel with approval workflows.,Education,Claims,5,1,3,4,4,1,1,7,3,1,4,5,1,2,77,Intelligent Document Processing,High,High
P0924,Visualize Scalable Schemas,University placement compliance and internship onboarding workflow.,Telecommunications,Student Services,5,1,2,1,3,1,4,6,2,4,1,2,4,2,86,Intelligent Document Processing,Medium,High
P0925,Facilitate Next-Generation Supply-Chains,Insurance claims process involving document validation and manual data entry.,Education,Sales,3,4,1,2,4,2,6,1,3,3,5,1,3,1,79,Workflow Automation,Medium,High
P0926,Transform Proactive Functionalities,Finance team manually processes invoices through SAP and Excel with approval workflows.,Banking,IT,3,1,5,3,5,5,6,7,2,4,5,4,5,1,100,Intelligent Document Processing,High,High
P0927,E-Enable Virtual Markets,Insurance claims process involving document validation and manual data entry.,Telecommunications,Compliance,5,1,4,4,1,1,3,4,1,1,2,1,4,5,70,AI Agent,Medium,Medium
P0928,Target Dot-Com Platforms,Finance team manually processes invoices through SAP and Excel with approval workflows.,Healthcare,IT,3,5,5,2,2,3,9,5,2,2,4,3,5,1,100,Intelligent Document Processing,High,High
P0929,Visualize Integrated Web-Readiness,Healthcare records verification and compliance review process.,Manufacturing,HR,5,3,4,3,4,5,9,1,4,3,3,5,5,5,100,Workflow Automation,High,High
P0930,Incentivize Real-Time Users,University placement compliance and internship onboarding workflow.,Government,Procurement,4,5,4,4,1,1,1,5,4,5,4,5,2,4,79,Intelligent Document Processing,Medium,High
P0931,Incubate Scalable Communities,Retail inventory reconciliation across multiple systems and spreadsheets.,Telecommunications,Claims,2,2,3,4,4,4,8,2,4,2,1,4,3,2,84,RPA,High,High
P0932,Engage Distributed Bandwidth,"Procurement process involving vendor comparison, approvals, and compliance checks.",Telecommunications,Customer Service,1,4,1,4,4,5,3,10,1,4,5,2,3,5,91,RPA,High,High
P0933,E-Enable Transparent Relationships,Healthcare records verification and compliance review process.,Telecommunications,Customer Service,5,4,3,5,4,5,1,7,5,1,3,1,5,5,99,Intelligent Document Processing,High,High
P0934,Unleash Granular Partnerships,Healthcare records verification and compliance review process.,Government,Student Services,2,5,5,1,2,5,2,3,4,5,3,5,5,4,100,Intelligent Document Processing,Low,High
P0935,Orchestrate Open-Source Roi,Insurance claims process involving document validation and manual data entry.,Banking,Customer Service,4,5,1,3,4,3,4,6,1,4,2,5,3,1,100,Workflow Automation,Medium,High
P0936,Exploit Sticky Systems,"HR onboarding process involving approvals, account creation, and employee record updates.",Retail,Sales,2,1,1,2,4,2,8,6,3,3,5,3,5,2,63,AI Agent,High,High
P0937,Expedite Clicks-And-Mortar Relationships,"Procurement process involving vendor comparison, approvals, and compliance checks.",Insurance,IT,2,1,2,3,3,5,8,7,3,3,3,4,1,2,67,AI Copilot,High,Medium
P0938,Benchmark Leading-Edge E-Commerce,University placement compliance and internship onboarding workflow.,Government,Compliance,4,3,5,5,5,3,9,3,1,5,5,4,1,2,100,RPA,High,High
P0939,Expedite Killer Infrastructures,University placement compliance and internship onboarding workflow.,Manufacturing,Claims,5,3,1,2,1,3,8,1,3,4,5,5,2,3,88,RPA,High,High
P0940,Generate End-To-End Web-Readiness,Retail inventory reconciliation across multiple systems and spreadsheets.,Telecommunications,Customer Service,1,2,5,2,2,4,3,6,5,2,3,2,1,5,65,AI Agent,Medium,High
P0941,Leverage Granular Users,Customer support process involving complaint analysis and escalation management.,Logistics,Procurement,3,3,2,1,3,2,10,3,1,4,4,1,4,5,73,AI Copilot,High,Medium
P0942,Seize Value-Added Architectures,Retail inventory reconciliation across multiple systems and spreadsheets.,Education,Claims,4,1,4,2,3,2,8,1,3,4,2,1,2,5,63,AI Agent,High,High
P0943,Harness Cutting-Edge E-Markets,Insurance claims process involving document validation and manual data entry.,Finance,Finance,4,4,3,3,2,2,7,2,1,4,1,3,2,1,100,RPA,High,High
P0944,Unleash Strategic E-Markets,University placement compliance and internship onboarding workflow.,Telecommunications,Procurement,5,5,1,3,3,4,8,3,3,3,5,3,5,1,100,Intelligent Document Processing,High,High
P0945,Seize End-To-End Partnerships,"HR onboarding process involving approvals, account creation, and employee record updates.",Finance,Compliance,4,4,3,4,3,1,9,8,2,3,2,1,4,4,68,AI Agent,High,High
P0946,Syndicate Front-End Metrics,University placement compliance and internship onboarding workflow.,Logistics,Sales,4,2,3,5,5,1,1,6,2,3,5,4,1,1,86,RPA,Medium,High
P0947,Morph Magnetic Portals,University placement compliance and internship onboarding workflow.,Manufacturing,Student Services,4,1,2,5,3,3,6,6,2,1,1,4,5,4,84,RPA,Medium,High
P0948,Whiteboard Enterprise Eyeballs,Retail inventory reconciliation across multiple systems and spreadsheets.,Insurance,Procurement,4,2,3,4,4,1,6,3,1,5,1,4,3,2,94,Workflow Automation,Medium,High
P0949,Visualize Frictionless Synergies,Retail inventory reconciliation across multiple systems and spreadsheets.,Finance,Procurement,4,4,2,1,3,5,1,6,1,3,4,1,1,3,100,RPA,Medium,High
P0950,E-Enable Distributed Eyeballs,University placement compliance and internship onboarding workflow.,Retail,Student Services,1,3,3,1,5,1,5,10,3,3,4,2,1,5,78,Intelligent Document Processing,High,High
P0951,Leverage B2C Convergence,"Procurement process involving vendor comparison, approvals, and compliance checks.",Healthcare,Sales,3,2,2,5,4,2,4,3,3,4,2,4,1,2,64,AI Copilot,Medium,Medium
P0952,Envisioneer Viral Methodologies,Insurance claims process involving document validation and manual data entry.,Education,Compliance,2,4,1,1,2,3,6,5,5,5,1,4,5,4,62,AI Agent,Medium,High
P0953,Optimize World-Class Bandwidth,Insurance claims process involving document validation and manual data entry.,Banking,Compliance,5,2,3,3,5,2,5,6,2,2,3,1,3,1,90,RPA,Medium,High
P0954,Reinvent Interactive Users,"Procurement process involving vendor comparison, approvals, and compliance checks.",Healthcare,Operations,5,1,2,3,4,3,4,1,2,2,2,4,5,4,100,Intelligent Document Processing,Medium,High
P0955,Enhance Enterprise Web Services,"HR onboarding process involving approvals, account creation, and employee record updates.",Manufacturing,Claims,3,5,4,4,4,1,7,2,5,5,4,5,4,3,92,Intelligent Document Processing,High,High
P0956,Seize Cross-Media Experiences,University placement compliance and internship onboarding workflow.,Telecommunications,Sales,1,1,2,5,2,4,6,1,1,5,3,5,4,3,57,AI Copilot,Medium,Medium
P0957,Benchmark Holistic Supply-Chains,Finance team manually processes invoices through SAP and Excel with approval workflows.,Education,IT,1,5,5,4,4,1,10,3,3,1,1,5,1,2,100,Workflow Automation,High,High
P0958,Visualize Transparent E-Commerce,"HR onboarding process involving approvals, account creation, and employee record updates.",Retail,HR,4,5,5,2,3,3,9,10,3,2,3,1,5,5,100,Intelligent Document Processing,High,High
P0959,Synergize Visionary Infrastructures,Finance team manually processes invoices through SAP and Excel with approval workflows.,Healthcare,Compliance,2,5,3,3,2,1,5,8,1,4,2,5,3,3,90,Workflow Automation,High,High
P0960,Empower B2B Convergence,"HR onboarding process involving approvals, account creation, and employee record updates.",Insurance,Student Services,1,3,3,3,4,3,9,2,5,5,3,3,5,3,57,AI Agent,High,High
P0961,Re-Intermediate End-To-End Niches,Retail inventory reconciliation across multiple systems and spreadsheets.,Retail,Claims,1,1,3,2,1,2,3,2,4,3,2,2,4,4,39,Do Not Automate,Low,Low
P0962,Transform Robust Initiatives,"HR onboarding process involving approvals, account creation, and employee record updates.",Logistics,Compliance,5,2,3,3,5,5,10,2,3,3,4,1,3,2,100,RPA,High,High
P0963,Exploit Robust Interfaces,"HR onboarding process involving approvals, account creation, and employee record updates.",Education,Claims,5,5,5,1,2,3,10,4,4,4,3,2,1,4,100,Workflow Automation,High,High
P0964,Exploit Viral Web Services,"Procurement process involving vendor comparison, approvals, and compliance checks.",Finance,Sales,2,4,2,1,3,1,10,1,5,5,2,4,5,1,68,AI Copilot,High,Medium
P0965,Whiteboard Transparent Applications,Finance team manually processes invoices through SAP and Excel with approval workflows.,Banking,IT,4,3,5,1,3,3,2,8,4,5,4,2,5,4,100,Intelligent Document Processing,High,High
P0966,Repurpose Wireless Networks,"HR onboarding process involving approvals, account creation, and employee record updates.",Banking,Customer Service,1,3,5,1,4,2,7,8,1,2,2,3,3,3,94,Workflow Automation,High,High
P0967,Utilize Vertical Systems,"HR onboarding process involving approvals, account creation, and employee record updates.",Telecommunications,IT,3,1,4,2,3,5,10,8,2,2,2,1,4,1,96,Intelligent Document Processing,High,High
P0968,Engage Rich Eyeballs,"HR onboarding process involving approvals, account creation, and employee record updates.",Insurance,Customer Service,3,3,2,5,4,1,5,5,5,2,4,2,1,1,40,Process Redesign,Medium,Medium
P0969,Morph Distributed E-Business,"Procurement process involving vendor comparison, approvals, and compliance checks.",Logistics,Student Services,2,1,3,5,3,5,1,2,2,5,4,5,4,4,85,RPA,Low,High
P0970,Morph Rich Web-Readiness,Retail inventory reconciliation across multiple systems and spreadsheets.,Logistics,Student Services,2,5,3,1,1,3,8,2,5,5,1,3,5,4,70,AI Copilot,High,High
P0971,Implement Frictionless Systems,Insurance claims process involving document validation and manual data entry.,Manufacturing,Student Services,5,3,1,3,3,4,2,2,2,1,3,5,5,2,100,Intelligent Document Processing,Low,High
P0972,Whiteboard Holistic Channels,Retail inventory reconciliation across multiple systems and spreadsheets.,Government,Sales,4,4,5,5,1,3,2,1,3,5,2,1,3,3,84,Workflow Automation,Low,High
P0973,E-Enable Plug-And-Play Applications,Healthcare records verification and compliance review process.,Education,IT,5,2,3,1,3,4,10,6,4,5,5,1,3,5,93,Intelligent Document Processing,High,High
P0974,E-Enable Frictionless Platforms,University placement compliance and internship onboarding workflow.,Manufacturing,Operations,1,4,2,1,1,4,4,3,5,2,3,3,2,4,74,AI Agent,Medium,Medium
P0975,Incubate Cross-Media Users,"HR onboarding process involving approvals, account creation, and employee record updates.",Manufacturing,Procurement,3,2,5,5,4,3,6,1,1,4,1,3,5,3,87,RPA,Medium,High
P0976,Incentivize Next-Generation Markets,Insurance claims process involving document validation and manual data entry.,Retail,Compliance,1,2,2,1,5,2,8,10,4,5,5,4,2,5,76,Intelligent Document Processing,High,High
P0977,Transition Vertical Web-Readiness,University placement compliance and internship onboarding workflow.,Government,Compliance,5,2,5,2,3,1,2,2,4,4,3,4,5,5,100,Workflow Automation,Low,High
P0978,Strategize Robust Systems,Healthcare records verification and compliance review process.,Telecommunications,Procurement,4,3,5,3,2,3,5,3,3,2,1,1,4,5,90,Intelligent Document Processing,Medium,High
P0979,Exploit Proactive Solutions,"HR onboarding process involving approvals, account creation, and employee record updates.",Manufacturing,Operations,5,2,2,2,1,4,8,2,4,4,2,4,2,4,90,RPA,High,High
P0980,Re-Contextualize User-Centric Models,Retail inventory reconciliation across multiple systems and spreadsheets.,Telecommunications,Compliance,5,2,3,1,2,2,5,1,1,1,5,5,4,2,100,Workflow Automation,Medium,High
P0981,Target Seamless Roi,Retail inventory reconciliation across multiple systems and spreadsheets.,Healthcare,Sales,3,2,1,3,1,2,6,8,3,1,4,3,5,5,57,AI Copilot,High,Medium
P0982,Transition Efficient E-Tailers,Customer support process involving complaint analysis and escalation management.,Manufacturing,HR,1,3,1,4,5,3,10,1,3,2,2,1,5,3,51,Process Redesign,High,Medium
P0983,Productize Vertical Action-Items,University placement compliance and internship onboarding workflow.,Education,Sales,1,4,5,1,4,3,4,5,4,3,2,3,1,3,100,RPA,Medium,High
P0984,Synergize Distributed E-Tailers,"Procurement process involving vendor comparison, approvals, and compliance checks.",Banking,IT,2,5,4,1,3,1,1,8,3,4,4,5,3,4,100,Intelligent Document Processing,High,High
P0985,Orchestrate Global E-Markets,"Procurement process involving vendor comparison, approvals, and compliance checks.",Healthcare,HR,2,4,5,4,1,2,3,10,1,1,4,5,2,4,100,RPA,High,High
P0986,Exploit Compelling Channels,Insurance claims process involving document validation and manual data entry.,Healthcare,Compliance,1,4,1,4,5,5,10,4,4,4,1,4,5,2,82,Workflow Automation,High,High
P0987,E-Enable Seamless Web-Readiness,"HR onboarding process involving approvals, account creation, and employee record updates.",Manufacturing,Claims,4,2,4,5,4,4,10,5,4,3,1,1,3,5,72,AI Copilot,High,High
P0988,Visualize Compelling Mindshare,Retail inventory reconciliation across multiple systems and spreadsheets.,Manufacturing,Claims,1,2,1,1,2,1,6,10,5,3,5,4,3,2,40,Process Redesign,High,Medium
P0989,Matrix Virtual Initiatives,"Procurement process involving vendor comparison, approvals, and compliance checks.",Healthcare,Compliance,1,2,3,3,2,1,9,9,3,4,4,4,5,1,47,Process Redesign,High,Medium
P0990,Revolutionize Clicks-And-Mortar Infrastructures,Insurance claims process involving document validation and manual data entry.,Logistics,Finance,1,1,4,2,2,1,5,4,4,2,4,5,1,1,60,Human-Assisted Automation,Medium,High
P0991,Mesh Compelling Channels,Retail inventory reconciliation across multiple systems and spreadsheets.,Education,Operations,2,2,2,5,3,5,9,9,4,2,3,1,3,5,49,Process Redesign,High,Medium
P0992,Redefine Turn-Key Methodologies,"Procurement process involving vendor comparison, approvals, and compliance checks.",Government,Operations,1,5,1,4,5,3,9,5,5,5,2,1,5,2,55,AI Agent,High,High
P0993,Architect Efficient E-Commerce,Customer support process involving complaint analysis and escalation management.,Banking,Customer Service,5,4,4,3,5,4,3,10,4,2,5,3,5,2,100,RPA,High,High
P0994,Architect Bleeding-Edge Supply-Chains,"Procurement process involving vendor comparison, approvals, and compliance checks.",Government,Finance,4,4,5,5,4,2,8,4,2,5,5,5,2,5,100,RPA,High,High
P0995,Repurpose Global Synergies,University placement compliance and internship onboarding workflow.,Manufacturing,Claims,1,5,1,5,4,5,10,7,3,5,5,2,3,5,68,AI Agent,High,Medium
P0996,Scale Best-Of-Breed Supply-Chains,Finance team manually processes invoices through SAP and Excel with approval workflows.,Retail,Customer Service,1,4,2,2,3,1,3,2,3,5,1,2,1,4,56,Human-Assisted Automation,Low,Medium
P0997,Seize Ubiquitous Applications,University placement compliance and internship onboarding workflow.,Banking,Customer Service,1,3,2,1,1,5,1,6,5,1,4,1,4,3,51,Process Redesign,Medium,Medium
P0998,Reinvent Compelling Architectures,Healthcare records verification and compliance review process.,Insurance,Student Services,2,3,2,4,2,4,4,4,1,3,1,3,2,1,78,Workflow Automation,Medium,High
P0999,Utilize World-Class Convergence,Finance team manually processes invoices through SAP and Excel with approval workflows.,Government,Sales,2,1,3,5,4,1,6,6,1,4,3,4,2,1,70,Human-Assisted Automation,Medium,Medium
P1000,Synthesize Innovative Applications,Customer support process involving complaint analysis and escalation management.,Finance,Student Services,4,5,4,3,4,2,9,2,2,4,4,1,2,3,94,Workflow Automation,High,High
P1001,Exploit Open-Source Portals,Healthcare records verification and compliance review process.,Banking,Claims,5,5,5,4,2,3,9,2,4,1,3,4,1,4,100,RPA,High,High
P1002,Drive Distributed E-Business,Retail inventory reconciliation across multiple systems and spreadsheets.,Telecommunications,Student Services,2,2,3,2,1,4,5,8,3,4,4,2,2,2,71,Human-Assisted Automation,High,High
P1003,Evolve Cross-Media Architectures,Finance team manually processes invoices through SAP and Excel with approval workflows.,Government,Compliance,2,4,1,2,4,2,9,2,2,5,2,2,2,3,80,RPA,High,High
P1004,Syndicate Bleeding-Edge Applications,Healthcare records verification and compliance review process.,Retail,Procurement,2,4,4,5,3,5,5,2,4,3,3,4,4,1,94,Intelligent Document Processing,Medium,High
P1005,Envisioneer Enterprise E-Commerce,Finance team manually processes invoices through SAP and Excel with approval workflows.,Government,Sales,3,2,1,3,5,2,8,7,3,1,4,2,3,4,53,Process Redesign,High,Medium
P1006,Syndicate Intuitive Roi,"HR onboarding process involving approvals, account creation, and employee record updates.",Healthcare,Finance,4,1,2,4,2,1,8,9,2,5,5,4,4,2,67,AI Agent,High,High
P1007,Aggregate Wireless Schemas,Finance team manually processes invoices through SAP and Excel with approval workflows.,Logistics,Operations,2,4,1,4,3,4,4,7,5,1,5,4,3,4,64,AI Copilot,High,Medium
P1008,Innovate Dot-Com Convergence,Finance team manually processes invoices through SAP and Excel with approval workflows.,Healthcare,Finance,3,5,5,4,5,4,6,1,2,4,1,3,4,1,100,Intelligent Document Processing,Medium,High
P1009,Envisioneer Frictionless Relationships,University placement compliance and internship onboarding workflow.,Telecommunications,Sales,2,3,3,2,3,2,7,1,2,2,3,2,3,3,78,RPA,High,High
P1010,Drive Mission-Critical Mindshare,Insurance claims process involving document validation and manual data entry.,Logistics,Claims,3,1,2,3,3,4,2,3,3,5,4,5,5,1,73,AI Agent,Low,High
P1011,Embrace Bleeding-Edge Interfaces,"Procurement process involving vendor comparison, approvals, and compliance checks.",Telecommunications,Finance,5,3,2,5,2,3,10,8,3,5,2,4,1,1,85,Intelligent Document Processing,High,High
P1012,Brand Bleeding-Edge Mindshare,"Procurement process involving vendor comparison, approvals, and compliance checks.",Healthcare,Student Services,4,3,5,4,5,3,2,4,4,4,5,3,2,1,100,Workflow Automation,Medium,High
P1013,Enable Enterprise Synergies,Healthcare records verification and compliance review process.,Healthcare,Claims,3,2,5,5,2,4,10,10,3,1,2,2,4,4,67,AI Copilot,High,Medium
P1014,Drive Holistic Communities,"Procurement process involving vendor comparison, approvals, and compliance checks.",Education,Finance,1,1,4,1,5,1,10,7,5,5,2,5,1,2,67,AI Copilot,High,Medium
P1015,Generate Collaborative Supply-Chains,Retail inventory reconciliation across multiple systems and spreadsheets.,Retail,Customer Service,1,5,1,3,2,2,10,10,4,4,4,5,2,3,59,AI Agent,High,High
P1016,Iterate Proactive E-Markets,Healthcare records verification and compliance review process.,Government,Customer Service,3,4,4,2,4,2,4,10,2,1,4,5,4,1,100,Workflow Automation,High,High
P1017,Drive Leading-Edge Networks,"Procurement process involving vendor comparison, approvals, and compliance checks.",Retail,Sales,5,5,1,2,4,1,1,8,2,4,3,3,1,4,97,Intelligent Document Processing,High,High
P1018,Target Interactive Roi,Insurance claims process involving document validation and manual data entry.,Healthcare,Finance,2,3,1,2,3,2,5,4,4,2,1,4,2,1,52,Process Redesign,Medium,Medium
P1019,Integrate Synergistic Eyeballs,"Procurement process involving vendor comparison, approvals, and compliance checks.",Manufacturing,Operations,4,2,4,5,4,4,1,4,4,5,1,1,5,5,70,AI Copilot,Medium,High
P1020,Architect Next-Generation Supply-Chains,Retail inventory reconciliation across multiple systems and spreadsheets.,Government,Claims,2,2,2,3,1,4,9,6,4,1,2,4,2,4,63,AI Agent,High,Medium
P1021,Visualize Interactive Methodologies,Customer support process involving complaint analysis and escalation management.,Insurance,HR,5,3,5,5,1,2,4,9,4,4,2,4,4,4,85,RPA,High,High
P1022,Engage Bricks-And-Clicks Roi,University placement compliance and internship onboarding workflow.,Healthcare,Customer Service,3,1,4,5,4,5,8,2,2,2,1,1,1,3,86,RPA,High,High
P1023,Transform Web-Enabled Channels,Finance team manually processes invoices through SAP and Excel with approval workflows.,Banking,Sales,3,3,3,4,4,5,7,1,3,1,3,3,1,2,94,Intelligent Document Processing,High,High
P1024,Engage Customized Content,Retail inventory reconciliation across multiple systems and spreadsheets.,Healthcare,IT,2,2,2,4,2,1,2,3,1,4,4,2,5,3,44,Process Redesign,Low,Medium
P1025,E-Enable Collaborative E-Business,Healthcare records verification and compliance review process.,Government,Student Services,5,4,3,5,2,2,6,5,1,5,5,3,5,3,93,Workflow Automation,Medium,High
P1026,Repurpose E-Business Markets,University placement compliance and internship onboarding workflow.,Insurance,Procurement,5,1,3,2,2,1,2,3,3,1,1,5,4,1,87,Intelligent Document Processing,Low,High
P1027,Harness Scalable Systems,Finance team manually processes invoices through SAP and Excel with approval workflows.,Retail,Sales,5,2,4,4,4,2,4,1,5,5,1,4,1,2,82,RPA,Medium,High
P1028,Integrate B2B Synergies,"HR onboarding process involving approvals, account creation, and employee record updates.",Finance,Sales,1,4,2,5,2,4,10,1,3,1,4,4,1,3,60,AI Agent,High,High
P1029,Whiteboard World-Class Eyeballs,Customer support process involving complaint analysis and escalation management.,Government,Claims,1,4,5,2,5,4,8,9,5,1,4,5,3,3,100,Workflow Automation,High,High
P1030,Target Holistic Functionalities,Healthcare records verification and compliance review process.,Retail,IT,2,5,1,3,2,4,6,4,1,1,4,3,3,4,93,Workflow Automation,Medium,High
P1031,Enable Front-End Roi,Insurance claims process involving document validation and manual data entry.,Education,Finance,3,1,4,3,2,5,1,2,3,3,1,2,4,3,78,RPA,Low,High
P1032,Scale Turn-Key Deliverables,Insurance claims process involving document validation and manual data entry.,Insurance,Customer Service,2,4,5,2,5,4,10,8,3,3,2,4,5,5,100,Workflow Automation,High,High
P1033,Monetize Killer Web Services,Customer support process involving complaint analysis and escalation management.,Banking,HR,4,1,1,5,5,5,7,8,3,1,3,5,3,3,92,Workflow Automation,High,High
P1034,Redefine B2B Bandwidth,Customer support process involving complaint analysis and escalation management.,Banking,Claims,5,4,5,5,5,5,8,4,3,3,3,4,1,1,100,Intelligent Document Processing,High,High
P1035,Empower Synergistic Solutions,Healthcare records verification and compliance review process.,Banking,Student Services,3,1,4,4,3,5,10,1,5,1,5,2,2,5,65,Human-Assisted Automation,High,Medium
P1036,Reinvent Cross-Platform Content,Retail inventory reconciliation across multiple systems and spreadsheets.,Retail,Compliance,4,4,5,3,3,2,6,9,5,3,5,1,3,1,81,RPA,High,High
P1037,Maximize Robust Interfaces,Finance team manually processes invoices through SAP and Excel with approval workflows.,Government,Customer Service,2,3,3,4,4,5,3,1,1,4,4,2,1,5,100,Workflow Automation,Low,High
P1038,Matrix Bricks-And-Clicks Methodologies,"Procurement process involving vendor comparison, approvals, and compliance checks.",Logistics,IT,5,1,1,4,1,4,10,2,1,4,2,2,4,3,75,RPA,High,High
P1039,Deliver Global Content,Customer support process involving complaint analysis and escalation management.,Education,Operations,5,2,2,1,2,1,10,3,2,5,4,2,3,4,81,Intelligent Document Processing,High,High
P1040,Deploy One-To-One Platforms,Healthcare records verification and compliance review process.,Education,Operations,5,2,4,4,4,3,7,7,4,5,4,3,5,2,100,Workflow Automation,High,High
P1041,Scale Interactive Markets,"HR onboarding process involving approvals, account creation, and employee record updates.",Logistics,HR,3,5,1,1,1,4,3,9,2,4,5,3,5,4,89,Intelligent Document Processing,High,High
P1042,Engineer Interactive Functionalities,Finance team manually processes invoices through SAP and Excel with approval workflows.,Government,Finance,1,1,4,1,5,2,9,10,1,2,1,2,3,1,81,RPA,High,High
P1043,Aggregate Bleeding-Edge Web Services,Insurance claims process involving document validation and manual data entry.,Manufacturing,Customer Service,4,5,2,5,4,2,5,8,1,1,5,2,3,3,100,Intelligent Document Processing,High,High
P1044,Transition Innovative Eyeballs,Insurance claims process involving document validation and manual data entry.,Retail,Compliance,2,4,4,1,2,3,8,8,1,4,5,3,2,4,100,Workflow Automation,High,High
P1045,Generate B2C Functionalities,Healthcare records verification and compliance review process.,Logistics,Sales,1,1,4,5,1,5,7,7,2,2,2,4,5,1,73,AI Agent,High,Medium
P1046,Iterate Turn-Key Experiences,"HR onboarding process involving approvals, account creation, and employee record updates.",Banking,Finance,1,2,5,2,4,3,7,5,1,3,3,4,5,5,92,Intelligent Document Processing,High,High
P1047,Scale One-To-One Web Services,"Procurement process involving vendor comparison, approvals, and compliance checks.",Finance,Claims,5,3,2,5,4,3,1,1,1,4,4,1,3,3,95,RPA,Low,High
P1048,Embrace Magnetic Web-Readiness,Healthcare records verification and compliance review process.,Logistics,Sales,3,4,2,4,1,1,3,7,1,2,4,4,1,2,81,Workflow Automation,High,High
P1049,Utilize Web-Enabled Synergies,"HR onboarding process involving approvals, account creation, and employee record updates.",Government,Procurement,5,1,4,2,3,4,2,7,3,3,2,2,2,5,91,Intelligent Document Processing,High,High
P1050,Enhance Out-Of-The-Box Info-Mediaries,University placement compliance and internship onboarding workflow.,Finance,Finance,2,1,5,5,4,2,3,8,5,1,2,4,2,4,66,AI Agent,High,Medium
P1051,Monetize B2C Deliverables,Healthcare records verification and compliance review process.,Retail,IT,1,1,2,2,4,3,8,4,1,5,1,5,4,5,81,Intelligent Document Processing,High,High
P1052,Reinvent Viral E-Services,University placement compliance and internship onboarding workflow.,Government,Sales,3,2,2,2,5,3,2,3,2,1,5,5,2,2,95,RPA,Low,High
P1053,Aggregate Integrated Functionalities,Retail inventory reconciliation across multiple systems and spreadsheets.,Retail,Sales,4,2,1,3,1,5,8,3,1,5,5,4,3,5,100,Workflow Automation,High,High
P1054,Visualize Cross-Media E-Commerce,Insurance claims process involving document validation and manual data entry.,Telecommunications,Finance,5,5,1,4,4,3,9,5,2,3,5,1,1,1,97,RPA,High,High
P1055,Engage Best-Of-Breed Web-Readiness,Finance team manually processes invoices through SAP and Excel with approval workflows.,Logistics,Customer Service,2,4,4,3,4,4,1,5,4,5,2,2,2,2,99,RPA,Medium,High
P1056,Utilize Efficient Methodologies,University placement compliance and internship onboarding workflow.,Education,Claims,4,1,5,1,1,2,2,1,2,1,1,1,2,2,74,AI Copilot,Low,Medium
P1057,Strategize E-Business Content,Retail inventory reconciliation across multiple systems and spreadsheets.,Healthcare,Claims,4,4,3,3,2,5,9,1,2,4,4,4,4,1,100,RPA,High,High
P1058,Revolutionize Web-Enabled Markets,University placement compliance and internship onboarding workflow.,Insurance,Operations,4,4,5,2,1,2,4,6,2,2,5,2,2,3,98,RPA,Medium,High
P1059,Incentivize Front-End E-Tailers,Healthcare records verification and compliance review process.,Education,IT,2,4,3,4,2,1,8,8,5,5,2,5,5,2,61,Human-Assisted Automation,High,Medium
P1060,Drive Turn-Key Action-Items,"HR onboarding process involving approvals, account creation, and employee record updates.",Education,Compliance,3,5,4,1,1,1,2,10,1,2,2,1,3,1,84,Intelligent Document Processing,High,High
P1061,Orchestrate B2C Initiatives,Retail inventory reconciliation across multiple systems and spreadsheets.,Logistics,Operations,5,1,5,4,2,3,2,8,3,5,1,4,1,2,99,Workflow Automation,High,High
P1062,Incentivize Plug-And-Play E-Business,Finance team manually processes invoices through SAP and Excel with approval workflows.,Retail,Compliance,2,5,2,5,4,2,9,3,4,1,4,4,3,1,75,Intelligent Document Processing,High,High
P1063,Drive Value-Added Networks,Customer support process involving complaint analysis and escalation management.,Banking,Sales,3,4,5,5,1,3,7,2,4,4,2,5,2,5,87,RPA,High,High
P1064,Target Frictionless Web-Readiness,Retail inventory reconciliation across multiple systems and spreadsheets.,Government,Student Services,5,1,2,4,5,5,4,2,1,2,2,2,1,3,97,Intelligent Document Processing,Medium,High
P1065,Re-Intermediate Synergistic Platforms,University placement compliance and internship onboarding workflow.,Telecommunications,Student Services,1,3,1,3,4,5,6,8,1,1,2,1,2,5,69,Human-Assisted Automation,High,High
P1066,Productize Innovative E-Services,"HR onboarding process involving approvals, account creation, and employee record updates.",Insurance,Sales,1,3,1,4,1,2,7,7,2,1,3,4,3,1,41,Process Redesign,High,Medium
P1067,Target Cutting-Edge Systems,"HR onboarding process involving approvals, account creation, and employee record updates.",Insurance,Compliance,4,2,4,3,1,1,8,6,2,2,4,5,5,2,90,RPA,High,High
P1068,Disintermediate Customized Convergence,"HR onboarding process involving approvals, account creation, and employee record updates.",Government,Sales,2,5,4,5,1,5,5,10,5,3,3,5,4,2,90,RPA,High,High
P1069,Leverage Sticky Functionalities,Insurance claims process involving document validation and manual data entry.,Government,HR,5,3,4,1,5,1,6,8,4,5,5,2,3,4,100,RPA,High,High
P1070,Integrate Mission-Critical Platforms,Customer support process involving complaint analysis and escalation management.,Healthcare,Finance,2,1,2,5,3,4,3,2,5,5,5,2,2,3,29,Do Not Automate,Low,Low
P1071,Utilize Vertical Functionalities,Retail inventory reconciliation across multiple systems and spreadsheets.,Healthcare,Sales,4,5,4,2,3,4,8,7,4,1,4,5,5,3,100,Workflow Automation,High,High
P1072,Syndicate Real-Time E-Commerce,University placement compliance and internship onboarding workflow.,Finance,Sales,4,4,3,5,3,1,6,4,4,4,5,2,4,1,73,AI Copilot,Medium,Medium
P1073,Embrace Global Convergence,Retail inventory reconciliation across multiple systems and spreadsheets.,Finance,IT,2,1,1,2,1,4,9,10,1,1,1,5,4,1,74,AI Copilot,High,Medium
P1074,Exploit Vertical Architectures,Retail inventory reconciliation across multiple systems and spreadsheets.,Healthcare,Compliance,3,1,5,4,4,1,6,1,5,1,3,5,3,1,78,RPA,Medium,High
P1075,Brand Extensible Action-Items,University placement compliance and internship onboarding workflow.,Manufacturing,IT,3,1,4,1,2,4,9,10,1,2,2,3,2,4,100,Workflow Automation,High,High
P1076,E-Enable B2C Mindshare,"HR onboarding process involving approvals, account creation, and employee record updates.",Logistics,Operations,3,2,3,1,3,3,4,6,4,3,5,4,1,2,97,Intelligent Document Processing,Medium,High
P1077,Brand Next-Generation Web Services,"Procurement process involving vendor comparison, approvals, and compliance checks.",Logistics,Claims,5,1,1,2,1,4,10,3,3,1,4,2,4,4,68,AI Agent,High,Medium
P1078,Synthesize Mission-Critical Experiences,Finance team manually processes invoices through SAP and Excel with approval workflows.,Government,Claims,4,3,1,1,4,5,1,4,1,1,4,1,4,1,100,Intelligent Document Processing,Medium,High
P1079,Facilitate Sticky Models,Finance team manually processes invoices through SAP and Excel with approval workflows.,Finance,Student Services,3,5,3,5,2,1,1,4,4,2,2,1,3,3,43,Process Redesign,Medium,Medium
P1080,Scale Ubiquitous Vortals,University placement compliance and internship onboarding workflow.,Healthcare,Student Services,2,4,4,1,3,2,1,9,1,5,2,2,3,1,93,RPA,High,High
P1081,Transform Killer Functionalities,Finance team manually processes invoices through SAP and Excel with approval workflows.,Retail,HR,1,1,1,2,2,4,1,2,2,5,5,2,4,2,44,Process Redesign,Low,Medium
P1082,Utilize Compelling Niches,Insurance claims process involving document validation and manual data entry.,Logistics,Operations,1,1,5,4,5,2,9,8,2,1,1,3,2,4,80,Workflow Automation,High,High
P1083,Aggregate 24/7 Action-Items,"HR onboarding process involving approvals, account creation, and employee record updates.",Government,HR,3,4,5,2,1,4,9,4,2,5,5,2,3,1,100,Workflow Automation,High,High
P1084,Redefine Efficient Roi,Retail inventory reconciliation across multiple systems and spreadsheets.,Education,Sales,2,3,3,1,1,1,7,1,5,2,1,5,5,3,64,Human-Assisted Automation,High,High
P1085,Maximize Open-Source Users,Healthcare records verification and compliance review process.,Banking,Claims,5,1,5,2,2,5,2,7,5,2,2,3,3,4,100,Workflow Automation,High,High
P1086,Matrix Distributed Supply-Chains,University placement compliance and internship onboarding workflow.,Government,IT,2,1,2,4,4,3,2,4,5,2,4,3,3,4,45,Process Redesign,Medium,Medium
P1087,Harness Viral Architectures,Retail inventory reconciliation across multiple systems and spreadsheets.,Manufacturing,Sales,2,4,1,1,4,4,5,2,3,1,1,1,1,3,72,AI Copilot,Medium,Medium
P1088,Benchmark Frictionless E-Services,Customer support process involving complaint analysis and escalation management.,Retail,Customer Service,1,1,1,5,3,2,9,4,3,2,3,1,1,3,5,Do Not Automate,High,Low
P1089,Maximize Vertical Platforms,Finance team manually processes invoices through SAP and Excel with approval workflows.,Retail,Claims,1,1,2,1,2,3,5,1,4,2,1,5,1,5,64,AI Agent,Medium,Medium
P1090,Deliver Web-Enabled E-Markets,Retail inventory reconciliation across multiple systems and spreadsheets.,Telecommunications,Procurement,1,4,5,3,3,1,2,10,3,5,5,4,3,2,84,Intelligent Document Processing,High,High
P1091,Morph Turn-Key Applications,Retail inventory reconciliation across multiple systems and spreadsheets.,Telecommunications,Student Services,4,4,2,1,1,1,3,3,4,3,3,5,5,5,91,Intelligent Document Processing,Low,High
P1092,Monetize Mission-Critical Relationships,Retail inventory reconciliation across multiple systems and spreadsheets.,Education,Finance,1,4,3,3,5,5,9,9,5,2,5,5,1,1,92,Workflow Automation,High,High
P1093,Generate Integrated E-Markets,Finance team manually processes invoices through SAP and Excel with approval workflows.,Telecommunications,IT,3,4,5,4,5,5,4,4,2,3,1,3,2,4,100,Intelligent Document Processing,Medium,High
P1094,Repurpose Mission-Critical Systems,"HR onboarding process involving approvals, account creation, and employee record updates.",Healthcare,Procurement,5,5,3,5,1,1,6,10,1,3,1,1,1,2,72,AI Copilot,High,High
P1095,Harness Frictionless Supply-Chains,University placement compliance and internship onboarding workflow.,Finance,Procurement,1,3,2,4,4,3,6,4,2,1,5,1,4,1,51,Process Redesign,Medium,Medium
P1096,Deploy Best-Of-Breed Convergence,University placement compliance and internship onboarding workflow.,Logistics,Sales,2,4,1,3,5,2,5,8,3,4,3,4,2,4,79,Workflow Automation,High,High
P1097,Re-Intermediate Open-Source Convergence,"HR onboarding process involving approvals, account creation, and employee record updates.",Manufacturing,Claims,4,5,4,1,4,4,5,7,3,2,1,5,3,3,100,Intelligent Document Processing,High,High
P1098,Synergize Scalable Web-Readiness,Retail inventory reconciliation across multiple systems and spreadsheets.,Healthcare,Procurement,5,2,2,4,2,5,8,9,2,3,3,5,4,2,100,Intelligent Document Processing,High,High
P1099,Repurpose Ubiquitous Supply-Chains,Insurance claims process involving document validation and manual data entry.,Insurance,Procurement,2,3,5,5,2,2,5,5,5,5,2,4,1,5,62,AI Copilot,Medium,Medium
P1100,Reinvent Robust Partnerships,Healthcare records verification and compliance review process.,Banking,IT,2,5,2,4,4,1,1,2,1,2,4,1,4,3,71,AI Copilot,Low,Medium
P1101,Facilitate Magnetic Methodologies,Customer support process involving complaint analysis and escalation management.,Banking,HR,3,5,1,4,3,2,8,10,3,2,4,1,2,3,60,Human-Assisted Automation,High,Medium
P1102,Unleash Next-Generation Mindshare,Retail inventory reconciliation across multiple systems and spreadsheets.,Government,IT,5,1,5,4,2,1,4,1,2,3,4,3,4,3,78,RPA,Medium,High
P1103,Enable Vertical Solutions,Finance team manually processes invoices through SAP and Excel with approval workflows.,Government,Claims,1,2,3,2,2,5,8,5,3,3,3,3,2,1,82,Workflow Automation,High,High
P1104,Enable Integrated Interfaces,Customer support process involving complaint analysis and escalation management.,Banking,IT,4,3,2,1,5,4,6,1,1,5,5,4,5,2,100,Intelligent Document Processing,Medium,High
P1105,E-Enable Magnetic Users,University placement compliance and internship onboarding workflow.,Government,Sales,3,2,2,4,5,4,7,6,1,2,5,2,5,1,99,RPA,High,High
P1106,Incubate Plug-And-Play Web Services,Retail inventory reconciliation across multiple systems and spreadsheets.,Insurance,Operations,2,5,4,5,2,2,8,3,2,1,3,1,5,2,71,AI Copilot,High,High
P1107,Unleash 24/7 Channels,"HR onboarding process involving approvals, account creation, and employee record updates.",Manufacturing,IT,3,4,4,5,5,4,4,4,3,3,4,2,3,3,97,RPA,Medium,High
P1108,Facilitate Scalable Synergies,University placement compliance and internship onboarding workflow.,Logistics,Claims,5,1,1,5,2,3,6,7,1,1,2,2,1,4,59,Human-Assisted Automation,High,Medium
P1109,Empower Back-End Models,"HR onboarding process involving approvals, account creation, and employee record updates.",Government,Customer Service,4,4,3,5,4,2,6,6,2,1,4,1,1,4,78,Workflow Automation,Medium,High
P1110,Streamline Cutting-Edge Web Services,Healthcare records verification and compliance review process.,Banking,Operations,1,1,4,5,4,2,1,6,5,2,4,2,3,3,34,Do Not Automate,Medium,Low
P1111,Target Interactive Schemas,University placement compliance and internship onboarding workflow.,Retail,HR,3,5,1,2,2,4,2,8,3,1,1,4,2,4,100,RPA,High,High
P1112,Cultivate Revolutionary E-Business,Finance team manually processes invoices through SAP and Excel with approval workflows.,Healthcare,Customer Service,4,5,5,4,5,3,7,7,4,4,4,4,3,4,100,Intelligent Document Processing,High,High
P1113,Enable Cutting-Edge Communities,University placement compliance and internship onboarding workflow.,Telecommunications,Customer Service,3,4,4,5,3,4,3,1,5,3,4,1,5,2,60,AI Agent,Low,High
P1114,Re-Intermediate Robust Vortals,Healthcare records verification and compliance review process.,Manufacturing,IT,4,5,2,4,5,5,9,5,2,2,4,5,4,5,100,Workflow Automation,High,High
P1115,Expedite Rich Solutions,Customer support process involving complaint analysis and escalation management.,Retail,Procurement,4,5,5,4,5,4,5,8,4,3,4,5,5,4,100,Intelligent Document Processing,High,High
P1116,Optimize Wireless Markets,Customer support process involving complaint analysis and escalation management.,Retail,Procurement,1,2,4,2,4,3,9,4,1,1,2,5,2,4,100,Workflow Automation,High,High
P1117,Monetize Intuitive E-Business,Insurance claims process involving document validation and manual data entry.,Finance,Sales,3,1,4,5,1,4,4,4,2,1,1,1,2,4,61,AI Copilot,Medium,Medium
P1118,Maximize Wireless Interfaces,Insurance claims process involving document validation and manual data entry.,Manufacturing,Procurement,2,2,1,5,3,1,2,9,3,5,4,3,5,3,41,Process Redesign,High,Medium
P1119,Empower Global Web Services,Insurance claims process involving document validation and manual data entry.,Retail,Operations,4,5,1,2,5,5,3,6,4,2,4,3,1,1,100,RPA,Medium,High
P1120,Synergize Efficient Vortals,"Procurement process involving vendor comparison, approvals, and compliance checks.",Banking,Operations,1,1,5,1,3,1,10,3,2,4,2,1,4,4,66,AI Copilot,High,Medium
P1121,Matrix Bricks-And-Clicks Action-Items,Healthcare records verification and compliance review process.,Banking,Procurement,3,5,4,3,1,1,2,6,1,1,3,5,4,5,99,Workflow Automation,Medium,High
P1122,Revolutionize Sticky Initiatives,"Procurement process involving vendor comparison, approvals, and compliance checks.",Telecommunications,HR,3,4,2,4,2,5,4,2,1,4,2,2,4,1,98,RPA,Medium,High
P1123,E-Enable Dynamic Methodologies,Customer support process involving complaint analysis and escalation management.,Banking,Claims,5,5,3,1,1,2,6,6,1,1,1,5,1,5,100,Workflow Automation,Medium,High
P1124,Expedite End-To-End Platforms,Healthcare records verification and compliance review process.,Government,Compliance,3,4,4,4,4,4,8,3,5,4,4,5,2,2,100,Intelligent Document Processing,High,High
P1125,Syndicate Visionary E-Commerce,Insurance claims process involving document validation and manual data entry.,Government,HR,4,2,5,3,2,2,6,3,3,1,1,3,5,2,91,Workflow Automation,Medium,High
P1126,Syndicate Plug-And-Play Systems,Insurance claims process involving document validation and manual data entry.,Manufacturing,Customer Service,3,3,4,1,5,5,6,8,2,5,5,5,3,1,100,Workflow Automation,High,High
P1127,Enable Ubiquitous Models,Retail inventory reconciliation across multiple systems and spreadsheets.,Healthcare,Customer Service,2,4,5,3,2,1,3,1,2,2,3,1,2,5,77,Intelligent Document Processing,Low,High
P1128,Morph Turn-Key Synergies,Finance team manually processes invoices through SAP and Excel with approval workflows.,Banking,Customer Service,5,1,2,4,4,5,5,10,5,2,1,2,1,2,69,AI Agent,High,Medium
P1129,Repurpose Cross-Platform Communities,University placement compliance and internship onboarding workflow.,Telecommunications,HR,1,2,2,2,1,4,2,6,5,2,1,4,4,1,46,Process Redesign,Medium,Medium
P1130,Incubate Cross-Media Synergies,Healthcare records verification and compliance review process.,Retail,Student Services,5,1,5,1,4,1,5,8,4,1,3,2,4,1,97,Intelligent Document Processing,High,High
P1131,Iterate Collaborative Deliverables,Customer support process involving complaint analysis and escalation management.,Government,Procurement,1,1,4,5,4,3,4,3,2,5,2,2,4,2,58,AI Agent,Medium,Medium
P1132,Strategize Proactive Markets,Customer support process involving complaint analysis and escalation management.,Education,HR,5,4,1,1,5,1,9,4,5,3,1,4,1,2,85,Workflow Automation,High,High
P1133,Disintermediate Killer Convergence,"HR onboarding process involving approvals, account creation, and employee record updates.",Insurance,HR,1,3,2,5,3,3,10,1,5,5,1,5,4,3,45,Process Redesign,High,Medium
P1134,Extend Innovative Applications,Finance team manually processes invoices through SAP and Excel with approval workflows.,Logistics,Sales,4,5,1,5,3,2,6,9,4,5,3,2,4,3,58,AI Agent,High,Medium
P1135,Mesh End-To-End Portals,Insurance claims process involving document validation and manual data entry.,Insurance,Compliance,5,2,5,2,5,4,1,9,1,3,5,5,4,4,100,RPA,High,High
P1136,Redefine Enterprise Initiatives,"HR onboarding process involving approvals, account creation, and employee record updates.",Retail,HR,5,1,4,5,4,4,8,5,4,2,4,3,5,1,88,Workflow Automation,High,High
P1137,Leverage 24/7 Schemas,University placement compliance and internship onboarding workflow.,Telecommunications,Sales,1,3,1,2,4,3,6,8,3,1,5,3,4,2,75,Workflow Automation,High,High
P1138,Scale Cross-Media Markets,Customer support process involving complaint analysis and escalation management.,Logistics,Operations,3,1,4,1,4,3,4,2,1,1,2,3,3,4,95,RPA,Medium,High
P1139,Enhance Global Platforms,Retail inventory reconciliation across multiple systems and spreadsheets.,Retail,Procurement,1,1,2,5,1,2,7,7,4,4,5,4,5,3,31,Do Not Automate,High,Low
P1140,Seize Real-Time Web Services,Healthcare records verification and compliance review process.,Logistics,Finance,4,4,4,3,5,1,2,6,5,4,1,1,2,4,77,Intelligent Document Processing,Medium,High
P1141,Mesh B2B Schemas,Insurance claims process involving document validation and manual data entry.,Manufacturing,Finance,2,4,5,3,1,1,8,9,5,3,5,2,2,4,61,AI Copilot,High,Medium
P1142,Unleash Bricks-And-Clicks Experiences,Insurance claims process involving document validation and manual data entry.,Logistics,Operations,2,1,5,5,4,5,9,4,4,5,1,3,5,1,83,RPA,High,High
P1143,Generate Revolutionary Relationships,University placement compliance and internship onboarding workflow.,Banking,Procurement,2,2,1,1,1,4,5,1,4,2,2,3,4,5,48,Process Redesign,Medium,Medium
P1144,Reinvent Turn-Key E-Commerce,"Procurement process involving vendor comparison, approvals, and compliance checks.",Healthcare,Sales,1,5,4,5,1,1,4,6,4,5,1,1,2,2,33,Do Not Automate,Medium,Low
P1145,Facilitate Cutting-Edge Portals,Healthcare records verification and compliance review process.,Telecommunications,Student Services,4,2,5,5,2,4,9,3,3,5,2,4,1,2,86,Intelligent Document Processing,High,High
P1146,Deliver Out-Of-The-Box Deliverables,"HR onboarding process involving approvals, account creation, and employee record updates.",Telecommunications,Finance,5,4,4,2,5,3,2,3,3,2,5,1,5,1,100,Workflow Automation,Low,High
P1147,Unleash Dynamic Channels,Insurance claims process involving document validation and manual data entry.,Telecommunications,Operations,1,1,1,1,3,3,4,1,1,5,3,5,3,1,70,AI Copilot,Medium,Medium
P1148,Evolve Scalable Relationships,Healthcare records verification and compliance review process.,Government,Student Services,2,1,2,3,2,3,7,3,5,4,3,5,1,4,43,Process Redesign,High,Medium
P1149,Maximize Open-Source Portals,"Procurement process involving vendor comparison, approvals, and compliance checks.",Government,Finance,3,1,2,4,5,1,4,7,3,1,4,3,1,1,59,AI Agent,High,High
P1150,Monetize Out-Of-The-Box Vortals,Retail inventory reconciliation across multiple systems and spreadsheets.,Education,Operations,1,2,1,3,4,4,3,9,1,3,2,2,5,5,59,AI Copilot,High,Medium
P1151,Utilize E-Business Functionalities,Healthcare records verification and compliance review process.,Logistics,Finance,3,4,4,2,3,1,10,1,4,4,4,1,3,3,74,Human-Assisted Automation,High,High
P1152,Re-Contextualize Proactive Systems,Healthcare records verification and compliance review process.,Insurance,Sales,4,5,5,3,3,2,4,6,4,3,3,5,5,4,100,Workflow Automation,Medium,High
P1153,Repurpose Strategic Technologies,"Procurement process involving vendor comparison, approvals, and compliance checks.",Insurance,Claims,4,3,2,1,1,4,10,1,4,3,2,1,4,2,84,RPA,High,High
P1154,Maximize B2C E-Tailers,Finance team manually processes invoices through SAP and Excel with approval workflows.,Education,Procurement,4,1,3,3,3,4,9,5,2,5,1,2,4,5,81,Workflow Automation,High,High
P1155,Implement User-Centric Deliverables,University placement compliance and internship onboarding workflow.,Banking,HR,5,2,2,4,5,4,10,10,1,3,2,3,1,3,100,Intelligent Document Processing,High,High
P1156,Synergize Rich Interfaces,Insurance claims process involving document validation and manual data entry.,Logistics,Customer Service,5,5,5,3,5,4,7,6,3,4,2,5,5,5,100,RPA,High,High
P1157,Engage Turn-Key Interfaces,University placement compliance and internship onboarding workflow.,Telecommunications,Student Services,2,5,5,4,2,3,5,3,2,1,4,5,1,4,100,Intelligent Document Processing,Medium,High
P1158,Re-Intermediate Bricks-And-Clicks Users,Healthcare records verification and compliance review process.,Banking,Procurement,3,4,2,1,5,5,1,3,1,5,4,2,5,4,100,Workflow Automation,Low,High
P1159,Aggregate Sticky Systems,University placement compliance and internship onboarding workflow.,Logistics,Student Services,5,1,1,3,5,1,6,5,4,3,5,4,1,4,78,Workflow Automation,Medium,High
P1160,Target Vertical Niches,"HR onboarding process involving approvals, account creation, and employee record updates.",Retail,Finance,5,3,4,1,3,2,3,7,4,2,1,1,3,2,91,RPA,High,High
P1161,Maximize Granular Deliverables,Finance team manually processes invoices through SAP and Excel with approval workflows.,Retail,Claims,2,3,5,3,2,4,6,9,1,3,2,4,1,1,100,RPA,High,High
P1162,Engage Extensible Paradigms,"HR onboarding process involving approvals, account creation, and employee record updates.",Healthcare,IT,3,3,2,3,3,3,3,6,2,2,2,5,3,3,93,Workflow Automation,Medium,High
P1163,Visualize Ubiquitous E-Services,"HR onboarding process involving approvals, account creation, and employee record updates.",Government,HR,1,4,4,1,1,1,1,6,4,3,4,4,1,4,74,Human-Assisted Automation,Medium,High
P1164,Benchmark World-Class Convergence,Healthcare records verification and compliance review process.,Retail,Procurement,5,2,5,3,1,4,4,10,3,2,5,1,3,1,84,Intelligent Document Processing,High,High
P1165,Incentivize Next-Generation Technologies,Customer support process involving complaint analysis and escalation management.,Banking,Compliance,4,1,1,3,1,1,3,2,2,5,4,3,5,5,48,Process Redesign,Low,Medium
P1166,Seize Cross-Media Niches,Finance team manually processes invoices through SAP and Excel with approval workflows.,Government,Customer Service,2,5,3,4,1,3,10,8,1,2,4,4,1,5,93,Intelligent Document Processing,High,High
P1167,Enable World-Class Bandwidth,Finance team manually processes invoices through SAP and Excel with approval workflows.,Retail,Procurement,1,4,4,5,4,2,3,8,2,4,1,5,5,4,77,Workflow Automation,High,High
P1168,Incubate Front-End Portals,"Procurement process involving vendor comparison, approvals, and compliance checks.",Logistics,Student Services,1,3,4,3,5,4,7,10,4,1,3,3,5,4,93,Intelligent Document Processing,High,High
P1169,E-Enable Efficient Metrics,Healthcare records verification and compliance review process.,Banking,Procurement,4,4,2,5,4,3,1,6,5,5,3,5,5,5,93,Intelligent Document Processing,Medium,High
P1170,Engage B2B Infrastructures,Insurance claims process involving document validation and manual data entry.,Education,Sales,2,5,1,5,5,1,7,3,5,1,1,2,5,1,47,Process Redesign,High,Medium
P1171,Facilitate Back-End Technologies,Customer support process involving complaint analysis and escalation management.,Healthcare,Operations,3,1,5,1,2,2,2,4,4,5,5,3,5,4,83,Workflow Automation,Medium,High
P1172,Repurpose Global Solutions,"HR onboarding process involving approvals, account creation, and employee record updates.",Retail,Procurement,4,2,4,3,2,2,3,9,4,5,4,4,4,1,73,AI Copilot,High,Medium
P1173,Deliver Leading-Edge E-Services,"Procurement process involving vendor comparison, approvals, and compliance checks.",Banking,Procurement,5,2,2,2,3,5,7,8,5,1,5,4,4,3,93,Intelligent Document Processing,High,High
P1174,Mesh Dot-Com Supply-Chains,"HR onboarding process involving approvals, account creation, and employee record updates.",Retail,Operations,4,1,1,2,1,3,5,10,5,1,2,3,5,3,56,AI Copilot,High,High
P1175,Generate Intuitive Technologies,"HR onboarding process involving approvals, account creation, and employee record updates.",Insurance,Claims,4,2,4,5,2,4,3,7,4,5,1,4,4,4,91,Intelligent Document Processing,High,High
P1176,Optimize Magnetic Info-Mediaries,Finance team manually processes invoices through SAP and Excel with approval workflows.,Insurance,Compliance,5,4,5,5,2,2,3,3,4,1,1,3,1,1,85,RPA,Low,High
P1177,Brand Vertical E-Business,"HR onboarding process involving approvals, account creation, and employee record updates.",Logistics,Finance,4,3,3,3,3,5,7,3,4,4,4,3,5,1,100,Workflow Automation,High,High
P1178,Expedite Bricks-And-Clicks Infrastructures,"Procurement process involving vendor comparison, approvals, and compliance checks.",Education,IT,1,4,2,4,3,5,3,10,4,1,3,2,3,1,76,Workflow Automation,High,High
P1179,Brand Open-Source E-Commerce,Retail inventory reconciliation across multiple systems and spreadsheets.,Banking,Finance,5,2,5,1,5,5,3,10,2,3,1,3,4,1,100,Workflow Automation,High,High
P1180,Orchestrate Magnetic Technologies,"Procurement process involving vendor comparison, approvals, and compliance checks.",Logistics,Claims,5,1,5,1,5,4,8,3,5,5,5,3,2,3,100,Intelligent Document Processing,High,High
P1181,Extend Bricks-And-Clicks Roi,Healthcare records verification and compliance review process.,Logistics,Operations,5,1,4,3,3,5,1,8,2,4,3,1,5,5,100,RPA,High,High
P1182,Evolve Customized E-Commerce,Finance team manually processes invoices through SAP and Excel with approval workflows.,Healthcare,Student Services,5,2,2,5,2,4,1,4,1,3,3,2,2,2,91,RPA,Medium,High
P1183,Synergize Value-Added Web-Readiness,"Procurement process involving vendor comparison, approvals, and compliance checks.",Banking,Customer Service,3,3,1,2,5,3,6,3,3,3,3,2,4,1,88,Workflow Automation,Medium,High
P1184,E-Enable Front-End Interfaces,Retail inventory reconciliation across multiple systems and spreadsheets.,Logistics,Customer Service,2,4,5,3,3,1,3,8,2,1,3,3,5,3,96,RPA,High,High
P1185,Deploy Integrated Networks,"HR onboarding process involving approvals, account creation, and employee record updates.",Retail,Operations,1,4,3,5,3,4,5,6,4,5,1,1,5,2,64,AI Copilot,Medium,High
P1186,Harness Vertical Relationships,Healthcare records verification and compliance review process.,Insurance,Student Services,5,5,1,1,5,5,2,3,1,2,5,5,3,1,100,RPA,Low,High
P1187,Maximize 24/365 Convergence,University placement compliance and internship onboarding workflow.,Logistics,Customer Service,4,3,5,4,3,3,5,7,1,1,2,2,2,5,99,Workflow Automation,High,High
P1188,Cultivate Innovative Supply-Chains,Finance team manually processes invoices through SAP and Excel with approval workflows.,Education,IT,2,5,1,4,1,3,10,4,4,3,1,3,3,2,66,AI Copilot,High,High
P1189,Visualize Virtual Deliverables,Customer support process involving complaint analysis and escalation management.,Finance,Finance,2,5,4,4,5,4,3,7,1,2,4,5,2,1,100,RPA,High,High
P1190,Engineer Killer Deliverables,Customer support process involving complaint analysis and escalation management.,Finance,HR,5,3,4,2,5,5,3,9,4,4,1,5,2,2,100,Workflow Automation,High,High
P1191,Utilize Viral Experiences,"HR onboarding process involving approvals, account creation, and employee record updates.",Logistics,Customer Service,5,3,3,1,3,5,3,9,2,5,3,5,2,5,100,RPA,High,High
P1192,Re-Contextualize Holistic Solutions,Retail inventory reconciliation across multiple systems and spreadsheets.,Insurance,Claims,4,1,1,3,4,2,9,9,4,2,5,5,4,5,64,AI Agent,High,High
P1193,Iterate Back-End Networks,Customer support process involving complaint analysis and escalation management.,Banking,Compliance,3,3,1,3,5,5,10,5,2,5,3,3,5,3,100,RPA,High,High
P1194,Innovate Intuitive Initiatives,Finance team manually processes invoices through SAP and Excel with approval workflows.,Education,Finance,5,5,5,2,3,2,4,8,3,2,5,4,3,3,100,Intelligent Document Processing,High,High
P1195,Redefine Cross-Platform Functionalities,Finance team manually processes invoices through SAP and Excel with approval workflows.,Telecommunications,Compliance,3,4,2,2,1,4,9,6,4,1,1,2,5,2,66,AI Copilot,High,High
P1196,Matrix B2C Interfaces,University placement compliance and internship onboarding workflow.,Manufacturing,Customer Service,3,4,4,1,5,3,8,5,2,2,4,1,2,5,100,Intelligent Document Processing,High,High
P1197,Orchestrate Mission-Critical Info-Mediaries,Finance team manually processes invoices through SAP and Excel with approval workflows.,Telecommunications,HR,5,2,1,1,1,2,3,4,2,3,2,4,5,5,93,RPA,Medium,High
P1198,Matrix Turn-Key Metrics,Insurance claims process involving document validation and manual data entry.,Retail,IT,3,4,1,4,1,1,7,1,1,5,4,1,5,3,48,Process Redesign,High,Medium
P1199,Leverage Cross-Platform Niches,Retail inventory reconciliation across multiple systems and spreadsheets.,Retail,Sales,4,3,4,1,5,5,8,3,4,5,3,1,3,1,100,Intelligent Document Processing,High,High
P1200,Monetize Intuitive Applications,Insurance claims process involving document validation and manual data entry.,Government,Customer Service,5,5,5,5,2,2,10,5,4,2,1,2,4,2,96,Workflow Automation,High,High
P1201,Benchmark B2C Schemas,"HR onboarding process involving approvals, account creation, and employee record updates.",Manufacturing,IT,3,5,3,1,3,5,3,2,2,5,5,1,3,2,100,RPA,Low,High
P1202,Streamline Customized E-Markets,Healthcare records verification and compliance review process.,Manufacturing,Sales,4,1,4,1,1,5,3,2,2,3,3,2,4,1,100,Intelligent Document Processing,Low,High
P1203,Transform Collaborative Web-Readiness,Customer support process involving complaint analysis and escalation management.,Education,Claims,3,5,2,4,5,4,4,2,3,4,3,1,5,2,84,Intelligent Document Processing,Medium,High
P1204,Empower Next-Generation Architectures,"Procurement process involving vendor comparison, approvals, and compliance checks.",Banking,Student Services,2,4,2,2,5,2,6,8,4,2,1,3,3,1,83,Workflow Automation,High,High
P1205,Harness Ubiquitous E-Tailers,University placement compliance and internship onboarding workflow.,Logistics,Operations,1,4,3,3,4,3,2,1,4,5,5,4,4,5,85,Intelligent Document Processing,Low,High
P1206,Innovate Virtual Experiences,Healthcare records verification and compliance review process.,Retail,Procurement,2,2,4,1,2,3,1,9,4,1,4,3,2,2,65,Human-Assisted Automation,High,Medium
P1207,Cultivate Best-Of-Breed Channels,Healthcare records verification and compliance review process.,Banking,Claims,2,4,4,1,5,3,1,7,2,5,1,2,1,1,100,Workflow Automation,High,High
P1208,Evolve Out-Of-The-Box Applications,"Procurement process involving vendor comparison, approvals, and compliance checks.",Telecommunications,Sales,3,3,2,4,4,5,6,2,1,4,4,2,5,4,98,Intelligent Document Processing,Medium,High
P1209,Re-Intermediate Back-End Communities,Finance team manually processes invoices through SAP and Excel with approval workflows.,Logistics,HR,3,5,5,2,3,5,3,7,1,4,5,1,3,2,100,Intelligent Document Processing,High,High
P1210,Morph World-Class E-Markets,Finance team manually processes invoices through SAP and Excel with approval workflows.,Retail,Finance,3,4,4,4,4,1,5,10,1,1,2,4,1,5,100,Workflow Automation,High,High
P1211,Enable Web-Enabled Deliverables,Healthcare records verification and compliance review process.,Education,Procurement,2,2,2,5,3,3,3,2,5,1,4,5,1,5,57,Human-Assisted Automation,Low,Medium
P1212,Monetize Real-Time Bandwidth,Customer support process involving complaint analysis and escalation management.,Healthcare,Claims,1,4,4,5,3,1,5,5,2,4,5,4,4,2,64,AI Agent,Medium,Medium
P1213,Embrace Extensible Solutions,Healthcare records verification and compliance review process.,Government,Claims,3,4,5,3,2,3,1,8,2,5,1,5,1,5,100,Intelligent Document Processing,High,High
P1214,Harness B2B Info-Mediaries,"HR onboarding process involving approvals, account creation, and employee record updates.",Education,Compliance,5,2,2,5,4,1,8,9,2,4,2,1,5,5,53,Process Redesign,High,Medium
P1215,Facilitate Mission-Critical Roi,"Procurement process involving vendor comparison, approvals, and compliance checks.",Finance,HR,1,1,4,1,1,2,7,9,5,2,4,1,4,2,35,Do Not Automate,High,Low
P1216,Seize Ubiquitous Content,Retail inventory reconciliation across multiple systems and spreadsheets.,Manufacturing,Operations,5,4,4,5,3,3,5,6,4,2,4,5,2,4,100,RPA,Medium,High
P1217,Optimize Clicks-And-Mortar Interfaces,Retail inventory reconciliation across multiple systems and spreadsheets.,Manufacturing,Claims,5,5,2,5,4,5,10,8,5,3,4,2,5,5,98,RPA,High,High
P1218,Harness Strategic Mindshare,Insurance claims process involving document validation and manual data entry.,Government,Sales,3,3,5,3,2,4,5,10,4,4,4,3,1,2,91,Intelligent Document Processing,High,High
P1219,Strategize Innovative E-Commerce,Insurance claims process involving document validation and manual data entry.,Retail,Compliance,3,2,2,3,1,2,1,3,2,3,3,5,3,4,82,Intelligent Document Processing,Low,High
P1220,Visualize Value-Added Supply-Chains,Customer support process involving complaint analysis and escalation management.,Insurance,Finance,4,5,4,4,3,5,2,2,5,3,4,1,2,4,95,Intelligent Document Processing,Low,High
P1221,Benchmark Rich Communities,Healthcare records verification and compliance review process.,Education,Claims,4,3,4,1,2,5,6,5,2,3,4,2,5,1,100,RPA,Medium,High
P1222,Implement Sticky Metrics,"HR onboarding process involving approvals, account creation, and employee record updates.",Manufacturing,HR,3,3,1,4,4,4,2,8,1,1,4,4,4,3,95,RPA,High,High
P1223,Integrate Front-End E-Markets,Healthcare records verification and compliance review process.,Retail,Customer Service,1,1,1,2,4,2,3,1,1,5,4,4,1,3,53,Process Redesign,Low,Medium
P1224,Re-Intermediate Rich Functionalities,Finance team manually processes invoices through SAP and Excel with approval workflows.,Retail,Operations,4,5,2,4,1,3,1,3,2,1,2,5,1,3,100,RPA,Low,High
P1225,Leverage Sticky Vortals,Retail inventory reconciliation across multiple systems and spreadsheets.,Finance,Procurement,3,2,2,5,2,4,6,5,3,2,1,3,1,4,61,AI Agent,Medium,Medium
P1226,Engage Robust Eyeballs,University placement compliance and internship onboarding workflow.,Education,Operations,4,4,5,4,5,3,2,3,4,1,4,1,4,5,100,Workflow Automation,Low,High
P1227,Harness World-Class Users,"Procurement process involving vendor comparison, approvals, and compliance checks.",Telecommunications,Customer Service,1,1,3,5,4,4,6,6,2,3,4,2,5,5,53,Process Redesign,Medium,Medium
P1228,Architect E-Business Applications,University placement compliance and internship onboarding workflow.,Finance,Finance,1,4,1,3,1,2,2,5,4,2,5,1,5,1,25,Do Not Automate,Medium,Low
P1229,Deliver One-To-One Paradigms,"Procurement process involving vendor comparison, approvals, and compliance checks.",Banking,IT,5,2,1,4,3,3,5,8,4,5,4,1,4,4,59,AI Agent,High,High
P1230,Embrace Real-Time Partnerships,"Procurement process involving vendor comparison, approvals, and compliance checks.",Education,Sales,4,2,1,4,3,5,9,2,5,3,4,1,1,1,55,Human-Assisted Automation,High,High
P1231,Embrace Proactive Architectures,Insurance claims process involving document validation and manual data entry.,Manufacturing,Sales,1,3,2,2,1,1,10,1,1,1,1,5,2,1,62,Human-Assisted Automation,High,Medium
P1232,Grow Proactive Supply-Chains,University placement compliance and internship onboarding workflow.,Insurance,Customer Service,2,1,5,2,3,4,5,7,5,1,3,4,4,3,81,Workflow Automation,High,High
P1233,Aggregate Dot-Com Web Services,"HR onboarding process involving approvals, account creation, and employee record updates.",Manufacturing,Sales,1,3,3,1,3,4,4,1,3,4,5,5,1,5,90,RPA,Medium,High
P1234,Productize Best-Of-Breed Content,Customer support process involving complaint analysis and escalation management.,Insurance,Operations,3,4,2,2,5,3,6,1,4,5,1,3,2,3,86,Intelligent Document Processing,Medium,High
P1235,Cultivate Innovative Relationships,Customer support process involving complaint analysis and escalation management.,Healthcare,Compliance,4,4,3,1,4,2,3,9,1,1,5,3,3,1,100,RPA,High,High
P1236,Incubate Distributed Niches,Customer support process involving complaint analysis and escalation management.,Insurance,Operations,5,5,4,3,1,4,5,9,1,1,1,2,1,2,100,Workflow Automation,High,High
P1237,Syndicate Bleeding-Edge E-Tailers,"Procurement process involving vendor comparison, approvals, and compliance checks.",Manufacturing,Procurement,3,4,4,2,1,4,5,9,3,3,4,4,4,2,100,RPA,High,High
P1238,Disintermediate Vertical Schemas,Customer support process involving complaint analysis and escalation management.,Telecommunications,Procurement,5,3,4,5,2,5,9,5,4,4,1,5,3,2,100,Workflow Automation,High,High
P1239,Innovate Integrated Roi,Insurance claims process involving document validation and manual data entry.,Education,Claims,1,2,1,4,2,3,9,8,1,3,1,3,2,2,48,Process Redesign,High,Medium
P1240,Syndicate Bleeding-Edge E-Tailers,University placement compliance and internship onboarding workflow.,Retail,Compliance,2,3,5,5,3,1,5,7,1,3,2,2,2,3,77,RPA,High,High
P1241,Mesh Next-Generation Communities,Finance team manually processes invoices through SAP and Excel with approval workflows.,Government,Claims,3,3,5,5,5,4,1,4,3,2,1,4,1,4,100,RPA,Medium,High
P1242,Architect Impactful Relationships,Finance team manually processes invoices through SAP and Excel with approval workflows.,Education,Compliance,3,5,3,3,2,4,9,7,3,2,5,3,5,5,99,RPA,High,High
P1243,Syndicate Mission-Critical Bandwidth,Finance team manually processes invoices through SAP and Excel with approval workflows.,Healthcare,Sales,1,3,1,4,2,5,6,2,2,4,3,2,5,5,58,AI Agent,Medium,High
P1244,Architect Value-Added Info-Mediaries,Customer support process involving complaint analysis and escalation management.,Finance,HR,4,4,4,3,4,2,3,8,2,3,5,2,5,2,100,Intelligent Document Processing,High,High
P1245,Productize Extensible Communities,Finance team manually processes invoices through SAP and Excel with approval workflows.,Logistics,Customer Service,1,1,4,5,1,1,3,1,1,5,1,5,1,4,47,Process Redesign,Low,Medium
P1246,Drive Open-Source Action-Items,Retail inventory reconciliation across multiple systems and spreadsheets.,Banking,HR,3,2,1,2,4,5,2,7,5,2,5,1,4,5,61,Human-Assisted Automation,High,High
P1247,Repurpose Scalable Markets,Insurance claims process involving document validation and manual data entry.,Education,IT,5,5,2,1,4,1,6,1,2,2,1,5,4,3,100,RPA,Medium,High
P1248,Benchmark Seamless Models,Customer support process involving complaint analysis and escalation management.,Education,Compliance,1,5,4,4,5,4,10,7,3,3,3,4,1,2,100,RPA,High,High
P1249,Incubate Transparent Synergies,Insurance claims process involving document validation and manual data entry.,Healthcare,Student Services,2,3,4,4,1,3,2,7,5,2,3,1,3,4,50,Process Redesign,High,Medium
P1250,Streamline Transparent Networks,"Procurement process involving vendor comparison, approvals, and compliance checks.",Telecommunications,Compliance,2,1,1,3,2,3,8,6,3,4,5,4,2,4,60,Human-Assisted Automation,High,Medium
P1251,Morph Strategic Niches,Finance team manually processes invoices through SAP and Excel with approval workflows.,Healthcare,Finance,2,5,3,4,3,1,9,7,2,5,5,3,4,2,84,RPA,High,High
P1252,Iterate Magnetic Supply-Chains,University placement compliance and internship onboarding workflow.,Manufacturing,Procurement,1,3,3,2,4,4,7,8,4,3,4,1,2,4,74,AI Agent,High,Medium
P1253,Synergize Synergistic E-Services,Retail inventory reconciliation across multiple systems and spreadsheets.,Government,IT,2,5,1,3,3,5,9,3,2,2,2,5,3,1,100,RPA,High,High
P1254,Engage Next-Generation Systems,Healthcare records verification and compliance review process.,Education,Student Services,2,4,5,1,5,1,4,9,5,5,1,1,1,1,72,AI Agent,High,High
P1255,Drive Out-Of-The-Box Synergies,"HR onboarding process involving approvals, account creation, and employee record updates.",Manufacturing,Claims,2,1,3,4,5,5,1,9,1,2,4,1,2,4,76,RPA,High,High
P1256,Generate Dynamic Methodologies,"Procurement process involving vendor comparison, approvals, and compliance checks.",Healthcare,Compliance,3,3,3,1,5,1,8,2,1,3,1,4,5,5,98,Workflow Automation,High,High
P1257,Evolve Next-Generation E-Business,Healthcare records verification and compliance review process.,Healthcare,Customer Service,3,1,5,1,5,3,5,10,1,1,4,2,1,3,100,Workflow Automation,High,High
P1258,Engage Web-Enabled E-Tailers,Retail inventory reconciliation across multiple systems and spreadsheets.,Finance,HR,1,2,2,4,5,1,5,3,5,4,5,5,1,1,42,Process Redesign,Medium,Medium
P1259,Integrate Frictionless Supply-Chains,Insurance claims process involving document validation and manual data entry.,Banking,HR,1,4,3,1,5,4,4,1,1,3,3,3,3,3,100,Workflow Automation,Medium,High
P1260,Enhance Global Infrastructures,Insurance claims process involving document validation and manual data entry.,Government,IT,4,3,2,3,5,2,3,5,4,1,1,5,3,1,89,RPA,Medium,High
P1261,Disintermediate Seamless E-Services,Finance team manually processes invoices through SAP and Excel with approval workflows.,Telecommunications,Claims,3,1,4,3,3,3,5,4,3,1,4,5,1,1,89,RPA,Medium,High
P1262,Redefine Cutting-Edge E-Markets,Insurance claims process involving document validation and manual data entry.,Healthcare,Compliance,5,1,3,2,3,4,3,5,4,3,3,4,5,3,100,Intelligent Document Processing,Medium,High
P1263,Visualize One-To-One E-Business,Healthcare records verification and compliance review process.,Retail,IT,5,2,3,2,5,1,3,5,3,2,5,2,1,1,94,RPA,Medium,High
P1264,Productize User-Centric Roi,University placement compliance and internship onboarding workflow.,Manufacturing,Customer Service,2,3,1,1,4,5,5,4,1,5,1,4,3,5,100,Workflow Automation,Medium,High
P1265,Synthesize Frictionless Web-Readiness,University placement compliance and internship onboarding workflow.,Telecommunications,Finance,2,2,1,5,3,2,7,10,4,3,3,1,1,3,12,Do Not Automate,High,Low
P1266,Leverage Interactive Supply-Chains,Insurance claims process involving document validation and manual data entry.,Healthcare,Sales,2,5,1,2,4,2,8,7,5,1,3,5,1,2,78,Workflow Automation,High,High
P1267,Brand Bleeding-Edge Synergies,Customer support process involving complaint analysis and escalation management.,Education,HR,2,3,5,1,3,2,9,5,3,2,5,3,3,2,95,Workflow Automation,High,High
P1268,Syndicate Revolutionary Web Services,Retail inventory reconciliation across multiple systems and spreadsheets.,Education,HR,4,4,2,3,1,4,8,4,1,4,3,3,3,2,100,RPA,High,High
P1269,Seize 24/7 Bandwidth,Insurance claims process involving document validation and manual data entry.,Government,Finance,5,3,4,2,3,5,9,3,2,2,2,4,3,4,100,RPA,High,High
P1270,Disintermediate Dynamic Web Services,"HR onboarding process involving approvals, account creation, and employee record updates.",Manufacturing,Customer Service,2,2,3,2,2,5,10,10,4,1,1,4,1,5,87,Intelligent Document Processing,High,High
P1271,Syndicate Cross-Platform Solutions,Insurance claims process involving document validation and manual data entry.,Manufacturing,Procurement,1,2,3,1,5,1,5,5,1,2,4,2,5,4,78,RPA,Medium,High
P1272,Monetize Bricks-And-Clicks E-Services,Customer support process involving complaint analysis and escalation management.,Banking,Procurement,4,3,1,5,1,2,2,2,4,5,4,5,4,3,53,Process Redesign,Low,Medium
P1273,Generate Bricks-And-Clicks Architectures,Finance team manually processes invoices through SAP and Excel with approval workflows.,Manufacturing,Compliance,1,1,4,5,3,4,1,5,2,1,4,1,2,1,59,Human-Assisted Automation,Medium,Medium
P1274,Integrate Bleeding-Edge Web Services,Customer support process involving complaint analysis and escalation management.,Government,IT,4,3,2,2,3,1,10,4,5,5,1,5,3,4,70,AI Agent,High,Medium
P1275,Transform Viral Interfaces,Customer support process involving complaint analysis and escalation management.,Logistics,HR,2,3,3,4,1,4,10,9,3,3,2,1,4,2,50,Process Redesign,High,Medium
P1276,Enhance Magnetic Web-Readiness,"Procurement process involving vendor comparison, approvals, and compliance checks.",Retail,Procurement,1,4,4,4,3,1,10,4,5,2,5,4,4,3,59,AI Copilot,High,High
P1277,Deploy Visionary Info-Mediaries,Finance team manually processes invoices through SAP and Excel with approval workflows.,Retail,IT,3,2,4,5,1,5,2,3,2,4,1,1,1,2,79,Intelligent Document Processing,Low,High
P1278,Facilitate Best-Of-Breed Experiences,Insurance claims process involving document validation and manual data entry.,Banking,Finance,1,4,2,3,5,3,1,4,1,5,1,4,4,3,100,RPA,Medium,High
P1279,Target Collaborative Networks,University placement compliance and internship onboarding workflow.,Retail,Claims,5,3,3,3,2,2,7,6,4,5,1,4,3,1,85,Intelligent Document Processing,High,High
P1280,Productize Mission-Critical Networks,Customer support process involving complaint analysis and escalation management.,Logistics,Customer Service,3,4,3,1,1,4,8,8,3,1,1,2,4,2,85,RPA,High,High
P1281,Benchmark Value-Added Mindshare,Healthcare records verification and compliance review process.,Insurance,HR,5,3,3,5,1,2,8,7,5,3,5,1,1,4,47,Process Redesign,High,Medium
P1282,Maximize Revolutionary Interfaces,Finance team manually processes invoices through SAP and Excel with approval workflows.,Banking,Finance,1,3,1,1,3,2,1,1,5,2,4,2,1,4,50,Process Redesign,Low,Medium
P1283,Maximize Virtual Portals,"Procurement process involving vendor comparison, approvals, and compliance checks.",Retail,Finance,5,4,5,3,2,4,5,6,2,1,3,4,4,2,100,RPA,Medium,High
P1284,Harness Cross-Media Bandwidth,"Procurement process involving vendor comparison, approvals, and compliance checks.",Manufacturing,Claims,2,3,3,1,5,3,7,6,2,5,2,4,3,5,100,Workflow Automation,High,High
P1285,Synergize B2C Web Services,"HR onboarding process involving approvals, account creation, and employee record updates.",Government,Student Services,2,2,5,2,1,1,9,7,2,1,3,5,1,3,87,RPA,High,High
P1286,Redefine End-To-End Mindshare,"HR onboarding process involving approvals, account creation, and employee record updates.",Insurance,Customer Service,1,3,5,5,1,3,4,6,4,5,2,4,4,4,53,Process Redesign,Medium,Medium
P1287,Integrate Robust Bandwidth,Retail inventory reconciliation across multiple systems and spreadsheets.,Finance,Sales,5,3,1,2,3,5,6,1,2,5,5,5,2,4,100,RPA,Medium,High
P1288,Synergize Synergistic E-Commerce,Finance team manually processes invoices through SAP and Excel with approval workflows.,Education,Sales,1,3,2,4,2,2,2,8,4,4,2,2,2,4,37,Do Not Automate,High,Low
P1289,Maximize Distributed Solutions,Healthcare records verification and compliance review process.,Healthcare,Finance,5,1,4,3,4,1,8,6,2,5,2,1,5,4,76,Workflow Automation,High,High
P1290,Revolutionize Distributed Portals,"Procurement process involving vendor comparison, approvals, and compliance checks.",Healthcare,Sales,1,4,3,5,3,2,9,3,5,1,3,3,2,2,55,AI Agent,High,Medium
P1291,Optimize Robust Supply-Chains,University placement compliance and internship onboarding workflow.,Retail,Operations,4,5,5,3,3,5,6,5,2,4,4,5,2,2,100,Intelligent Document Processing,Medium,High
P1292,Transition Strategic E-Commerce,"HR onboarding process involving approvals, account creation, and employee record updates.",Education,IT,3,1,3,5,3,5,1,8,3,4,2,2,3,2,66,AI Copilot,High,High
P1293,Aggregate Frictionless Convergence,Finance team manually processes invoices through SAP and Excel with approval workflows.,Retail,Claims,5,5,3,1,2,3,4,8,1,2,3,4,4,4,100,RPA,High,High
P1294,Mesh One-To-One E-Services,"Procurement process involving vendor comparison, approvals, and compliance checks.",Manufacturing,Finance,3,5,4,1,3,2,3,1,4,5,5,4,1,4,100,RPA,Low,High
P1295,Enable Rich Web Services,Insurance claims process involving document validation and manual data entry.,Telecommunications,Operations,1,3,2,1,4,3,2,2,2,3,4,3,4,5,79,Intelligent Document Processing,Low,High
P1296,Disintermediate Back-End Markets,"HR onboarding process involving approvals, account creation, and employee record updates.",Retail,IT,2,1,3,3,2,1,2,1,4,1,5,5,1,1,52,Process Redesign,Low,Medium
P1297,Extend Dynamic Models,Healthcare records verification and compliance review process.,Insurance,Sales,1,1,5,5,3,1,3,10,4,4,5,2,3,4,28,Do Not Automate,High,Low
P1298,Matrix Back-End Partnerships,Retail inventory reconciliation across multiple systems and spreadsheets.,Education,Sales,4,2,1,5,5,4,1,4,4,4,1,1,4,2,55,AI Copilot,Medium,High
P1299,Envisioneer Web-Enabled Bandwidth,Retail inventory reconciliation across multiple systems and spreadsheets.,Manufacturing,Procurement,5,4,2,1,5,4,6,5,5,5,4,2,1,4,100,RPA,Medium,High
P1300,Enhance One-To-One Supply-Chains,"Procurement process involving vendor comparison, approvals, and compliance checks.",Logistics,IT,1,5,4,4,4,4,8,2,2,5,1,4,5,4,100,RPA,High,High
P1301,Optimize Rich Channels,"Procurement process involving vendor comparison, approvals, and compliance checks.",Telecommunications,HR,3,2,4,2,3,3,7,10,1,3,4,2,3,2,98,Intelligent Document Processing,High,High
P1302,Enhance Interactive Users,Healthcare records verification and compliance review process.,Finance,Compliance,3,3,2,3,3,5,10,4,5,4,4,4,4,5,81,Workflow Automation,High,High
P1303,Strategize End-To-End Portals,Insurance claims process involving document validation and manual data entry.,Education,Procurement,3,5,2,3,5,4,10,9,3,1,4,4,4,3,100,RPA,High,High
P1304,Enable Cutting-Edge Communities,Finance team manually processes invoices through SAP and Excel with approval workflows.,Logistics,Claims,2,1,2,2,3,1,5,10,1,5,2,2,4,2,49,Process Redesign,High,Medium
P1305,Iterate Granular Channels,Retail inventory reconciliation across multiple systems and spreadsheets.,Finance,IT,5,3,5,5,4,3,2,9,3,2,3,2,4,1,97,RPA,High,High
P1306,Grow Virtual E-Services,Healthcare records verification and compliance review process.,Manufacturing,Procurement,5,2,3,2,1,5,8,10,1,3,4,5,2,2,100,Workflow Automation,High,High
P1307,Visualize Holistic Content,Healthcare records verification and compliance review process.,Retail,Claims,5,2,4,2,3,3,10,6,3,1,1,5,1,5,100,Intelligent Document Processing,High,High
P1308,Visualize Front-End Paradigms,Insurance claims process involving document validation and manual data entry.,Banking,Student Services,5,1,1,2,2,3,4,10,3,1,3,3,2,2,68,Human-Assisted Automation,High,Medium
P1309,Revolutionize Synergistic Initiatives,Customer support process involving complaint analysis and escalation management.,Government,Sales,4,3,3,3,4,3,1,7,4,2,1,4,3,5,100,RPA,High,High
P1310,Revolutionize Clicks-And-Mortar Infrastructures,Finance team manually processes invoices through SAP and Excel with approval workflows.,Logistics,Sales,2,5,4,1,5,3,1,4,2,1,2,5,3,3,100,RPA,Medium,High
P1311,Monetize Intuitive Eyeballs,University placement compliance and internship onboarding workflow.,Insurance,Operations,5,5,5,2,3,2,2,1,2,1,2,3,1,3,100,Intelligent Document Processing,Low,High
P1312,Maximize Dynamic Web Services,Retail inventory reconciliation across multiple systems and spreadsheets.,Manufacturing,Student Services,5,3,2,2,2,3,9,5,2,4,4,1,2,1,91,Intelligent Document Processing,High,High
P1313,Implement Holistic Mindshare,Finance team manually processes invoices through SAP and Excel with approval workflows.,Education,Student Services,1,2,3,4,4,4,10,1,3,3,3,4,1,3,74,AI Agent,High,High
P1314,Whiteboard Customized Architectures,Finance team manually processes invoices through SAP and Excel with approval workflows.,Healthcare,Customer Service,1,3,1,1,1,5,2,3,1,2,4,3,4,5,90,Workflow Automation,Low,High
P1315,Innovate Front-End Systems,"Procurement process involving vendor comparison, approvals, and compliance checks.",Telecommunications,Sales,2,3,3,1,2,1,6,10,2,4,5,2,2,5,77,RPA,High,High
P1316,Monetize Holistic Eyeballs,Healthcare records verification and compliance review process.,Education,Compliance,1,1,1,4,1,5,1,10,1,5,1,3,2,5,48,Process Redesign,High,Medium
P1317,Seize Intuitive Communities,"HR onboarding process involving approvals, account creation, and employee record updates.",Government,IT,4,2,2,4,2,1,7,6,3,5,5,2,2,5,54,Process Redesign,High,Medium
P1318,Utilize Plug-And-Play Initiatives,Healthcare records verification and compliance review process.,Logistics,Student Services,1,2,3,4,4,3,6,8,3,4,4,1,2,3,55,AI Agent,High,High
P1319,Expedite End-To-End Convergence,Healthcare records verification and compliance review process.,Retail,Procurement,4,4,1,2,4,5,8,7,4,4,4,2,5,5,95,Workflow Automation,High,High
P1320,Enable User-Centric Partnerships,Retail inventory reconciliation across multiple systems and spreadsheets.,Insurance,HR,1,1,1,3,1,4,1,3,2,3,1,4,4,3,54,Process Redesign,Low,Medium
P1321,Deploy Plug-And-Play Paradigms,"Procurement process involving vendor comparison, approvals, and compliance checks.",Manufacturing,Claims,4,4,5,2,1,5,4,2,1,1,3,3,2,2,100,Intelligent Document Processing,Medium,High
P1322,Revolutionize Bricks-And-Clicks Markets,"HR onboarding process involving approvals, account creation, and employee record updates.",Telecommunications,Student Services,2,3,5,2,2,4,2,8,3,5,4,1,1,4,74,Human-Assisted Automation,High,Medium
P1323,Re-Intermediate Open-Source Experiences,University placement compliance and internship onboarding workflow.,Retail,Procurement,2,2,3,3,2,5,8,10,4,1,2,4,4,1,88,Intelligent Document Processing,High,High
P1324,Matrix Open-Source Channels,Finance team manually processes invoices through SAP and Excel with approval workflows.,Banking,Compliance,2,1,3,2,4,5,9,4,4,3,4,3,5,1,80,Intelligent Document Processing,High,High
P1325,Drive Magnetic E-Markets,"HR onboarding process involving approvals, account creation, and employee record updates.",Telecommunications,Claims,2,2,3,4,2,5,2,2,5,1,3,3,3,4,69,AI Copilot,Low,Medium
P1326,Unleash Customized Content,"Procurement process involving vendor comparison, approvals, and compliance checks.",Education,HR,5,4,1,2,5,1,2,2,2,5,5,4,5,5,100,RPA,Low,High
P1327,Incubate One-To-One Infrastructures,Customer support process involving complaint analysis and escalation management.,Telecommunications,Sales,5,5,2,5,2,5,1,3,1,5,2,1,1,1,100,Workflow Automation,Low,High
P1328,Expedite Proactive Functionalities,"HR onboarding process involving approvals, account creation, and employee record updates.",Retail,Compliance,1,4,5,5,4,4,9,3,4,3,2,2,2,5,67,AI Copilot,High,High
P1329,Innovate Ubiquitous Methodologies,Finance team manually processes invoices through SAP and Excel with approval workflows.,Logistics,Operations,4,2,1,2,2,4,1,4,5,4,5,1,1,3,66,AI Agent,Medium,High
P1330,Productize Enterprise Partnerships,Insurance claims process involving document validation and manual data entry.,Finance,Operations,1,4,3,5,5,3,4,9,1,3,2,5,3,1,100,Workflow Automation,High,High
P1331,E-Enable Mission-Critical Relationships,Healthcare records verification and compliance review process.,Finance,Customer Service,2,5,4,1,2,5,1,2,1,2,2,1,4,3,100,RPA,Low,High
P1332,Exploit Vertical Niches,Insurance claims process involving document validation and manual data entry.,Education,Customer Service,1,2,3,4,4,4,5,5,4,5,5,5,5,3,68,AI Copilot,Medium,Medium
P1333,Evolve Efficient Infrastructures,"HR onboarding process involving approvals, account creation, and employee record updates.",Insurance,HR,4,3,1,1,5,3,3,4,5,2,5,5,2,4,100,Intelligent Document Processing,Medium,High
P1334,Expedite Wireless Markets,Healthcare records verification and compliance review process.,Manufacturing,Sales,4,4,2,5,2,2,10,9,4,4,1,3,4,3,58,AI Agent,High,High
P1335,Whiteboard Dot-Com Vortals,University placement compliance and internship onboarding workflow.,Education,HR,5,5,4,4,4,2,5,10,3,5,5,4,2,4,100,Workflow Automation,High,High
P1336,Syndicate 24/365 Infrastructures,Healthcare records verification and compliance review process.,Retail,Claims,1,4,3,3,2,4,1,7,3,5,4,3,3,5,72,Human-Assisted Automation,High,Medium
P1337,Engineer Ubiquitous Applications,Healthcare records verification and compliance review process.,Insurance,Procurement,5,4,2,5,2,4,6,7,4,1,2,5,4,1,94,Intelligent Document Processing,High,High
P1338,Scale Best-Of-Breed Technologies,Customer support process involving complaint analysis and escalation management.,Government,Finance,5,1,4,5,3,5,4,5,1,2,3,5,3,2,100,Intelligent Document Processing,Medium,High
P1339,Deliver Customized Channels,Retail inventory reconciliation across multiple systems and spreadsheets.,Telecommunications,Finance,5,5,1,5,1,2,5,10,1,2,5,1,1,4,78,RPA,High,High
P1340,Matrix Value-Added Infrastructures,"HR onboarding process involving approvals, account creation, and employee record updates.",Banking,HR,5,5,2,5,4,4,2,8,2,5,5,1,1,4,100,Intelligent Document Processing,High,High
P1341,Deliver Bricks-And-Clicks Relationships,Healthcare records verification and compliance review process.,Banking,HR,5,3,4,2,2,2,9,2,5,3,3,3,5,5,78,RPA,High,High
P1342,Re-Contextualize Cross-Media Relationships,Retail inventory reconciliation across multiple systems and spreadsheets.,Retail,Customer Service,5,3,1,5,1,2,6,8,3,3,5,5,4,1,76,Workflow Automation,High,High
P1343,Drive User-Centric Supply-Chains,Insurance claims process involving document validation and manual data entry.,Education,Finance,2,4,5,1,4,1,10,1,3,4,4,1,1,3,93,RPA,High,High
P1344,Mesh Integrated Systems,Healthcare records verification and compliance review process.,Finance,Finance,3,1,5,5,5,4,10,10,2,1,4,5,1,3,100,Intelligent Document Processing,High,High
P1345,Redefine User-Centric E-Services,Customer support process involving complaint analysis and escalation management.,Retail,Operations,5,3,5,1,4,1,6,9,2,5,1,4,2,5,100,RPA,High,High
P1346,Facilitate Synergistic Solutions,Insurance claims process involving document validation and manual data entry.,Banking,Procurement,5,5,4,4,5,2,6,2,1,3,2,2,2,2,100,Intelligent Document Processing,Medium,High
P1347,Mesh Granular Web Services,Healthcare records verification and compliance review process.,Manufacturing,Finance,4,2,3,5,3,4,8,5,1,3,5,4,3,4,95,Workflow Automation,High,High
P1348,Matrix Virtual E-Tailers,University placement compliance and internship onboarding workflow.,Logistics,HR,5,2,1,2,3,1,9,6,1,1,2,3,4,1,84,RPA,High,High
P1349,Productize Next-Generation Infrastructures,Customer support process involving complaint analysis and escalation management.,Banking,HR,1,2,4,2,5,3,4,7,2,4,3,1,4,3,69,Human-Assisted Automation,High,High
P1350,Whiteboard B2C Vortals,Insurance claims process involving document validation and manual data entry.,Retail,Compliance,5,4,4,3,1,1,4,8,3,2,4,1,3,2,87,RPA,High,High
P1351,Optimize Value-Added Vortals,Retail inventory reconciliation across multiple systems and spreadsheets.,Banking,Customer Service,5,5,1,2,1,4,8,6,4,4,2,5,5,4,100,Workflow Automation,High,High
P1352,Redefine Virtual Technologies,Finance team manually processes invoices through SAP and Excel with approval workflows.,Education,Operations,3,5,4,3,5,3,6,9,5,5,5,2,5,4,89,RPA,High,High
P1353,Enable Customized Web Services,Retail inventory reconciliation across multiple systems and spreadsheets.,Logistics,Sales,5,5,3,5,4,1,3,2,5,5,4,5,1,3,93,Workflow Automation,Low,High
P1354,Implement Turn-Key Roi,"Procurement process involving vendor comparison, approvals, and compliance checks.",Retail,IT,3,4,5,4,5,2,2,8,1,4,2,1,3,1,100,Intelligent Document Processing,High,High
P1355,Deliver Global Eyeballs,"Procurement process involving vendor comparison, approvals, and compliance checks.",Logistics,Claims,3,5,3,3,4,2,2,8,5,5,2,4,4,2,81,Intelligent Document Processing,High,High
P1356,Maximize Open-Source Content,University placement compliance and internship onboarding workflow.,Finance,Procurement,2,1,2,2,2,5,2,7,1,1,3,1,5,4,62,Human-Assisted Automation,High,Medium
P1357,Unleash Efficient Synergies,University placement compliance and internship onboarding workflow.,Logistics,IT,1,2,5,2,1,5,2,5,1,4,5,3,4,5,90,RPA,Medium,High
P1358,Benchmark One-To-One E-Business,"Procurement process involving vendor comparison, approvals, and compliance checks.",Banking,Operations,4,2,2,5,4,1,2,1,3,5,3,5,1,1,79,Workflow Automation,Low,High
P1359,Scale Extensible Convergence,"Procurement process involving vendor comparison, approvals, and compliance checks.",Banking,Procurement,1,4,4,1,2,4,3,7,4,3,1,3,3,1,88,RPA,High,High
P1360,Cultivate Leading-Edge E-Markets,University placement compliance and internship onboarding workflow.,Finance,Operations,2,5,4,3,5,2,1,1,5,3,3,3,3,2,93,RPA,Low,High
P1361,Grow Mission-Critical Info-Mediaries,"Procurement process involving vendor comparison, approvals, and compliance checks.",Retail,Sales,1,1,3,3,4,5,6,1,5,4,4,2,4,5,60,AI Agent,Medium,High
P1362,Visualize Dynamic Portals,"Procurement process involving vendor comparison, approvals, and compliance checks.",Insurance,Sales,4,2,4,2,2,3,3,8,1,4,2,4,3,1,99,RPA,High,High
P1363,Incentivize Viral Niches,Customer support process involving complaint analysis and escalation management.,Manufacturing,Student Services,1,4,1,1,4,5,10,5,5,2,2,4,5,3,95,Intelligent Document Processing,High,High
P1364,Integrate Collaborative Convergence,Insurance claims process involving document validation and manual data entry.,Finance,Claims,4,4,4,2,3,2,1,4,1,3,5,1,3,4,93,Intelligent Document Processing,Medium,High
P1365,Architect Enterprise Bandwidth,Retail inventory reconciliation across multiple systems and spreadsheets.,Telecommunications,Compliance,2,3,1,2,3,4,9,1,2,5,4,3,5,2,72,Human-Assisted Automation,High,Medium
P1366,Exploit Magnetic Vortals,"Procurement process involving vendor comparison, approvals, and compliance checks.",Telecommunications,Procurement,1,2,2,3,3,5,4,6,1,3,4,1,4,2,61,Human-Assisted Automation,Medium,High
P1367,Cultivate B2B Supply-Chains,Retail inventory reconciliation across multiple systems and spreadsheets.,Finance,HR,3,1,2,1,1,1,1,6,2,4,2,3,3,2,65,AI Copilot,Medium,Medium
P1368,Morph Scalable E-Business,University placement compliance and internship onboarding workflow.,Telecommunications,Customer Service,5,3,4,4,4,2,5,7,5,5,5,4,1,5,100,Intelligent Document Processing,High,High
P1369,Incubate Seamless E-Commerce,Healthcare records verification and compliance review process.,Manufacturing,HR,4,2,1,1,4,3,10,9,5,3,1,1,1,2,57,Human-Assisted Automation,High,Medium
P1370,E-Enable 24/365 Systems,Customer support process involving complaint analysis and escalation management.,Logistics,Compliance,2,1,3,4,5,2,9,4,3,3,3,2,3,2,56,Human-Assisted Automation,High,High
P1371,Unleash Front-End Partnerships,Retail inventory reconciliation across multiple systems and spreadsheets.,Logistics,Claims,5,3,2,1,2,1,8,2,2,1,1,3,2,2,91,Workflow Automation,High,High
P1372,Transition Open-Source E-Business,University placement compliance and internship onboarding workflow.,Education,Student Services,5,2,4,5,5,1,1,9,3,5,2,2,1,2,86,Workflow Automation,High,High
P1373,Leverage Frictionless Action-Items,"Procurement process involving vendor comparison, approvals, and compliance checks.",Manufacturing,Finance,1,1,5,1,1,1,3,1,2,4,4,3,3,4,65,AI Copilot,Low,Medium
P1374,Incubate Visionary Web-Readiness,Healthcare records verification and compliance review process.,Banking,IT,3,5,4,4,1,2,4,6,1,5,2,4,3,5,90,Workflow Automation,Medium,High
P1375,Whiteboard Cutting-Edge Web Services,Insurance claims process involving document validation and manual data entry.,Telecommunications,Operations,4,4,4,5,3,4,9,4,5,3,2,3,2,5,90,Intelligent Document Processing,High,High
P1376,Optimize Real-Time Solutions,Retail inventory reconciliation across multiple systems and spreadsheets.,Healthcare,Student Services,3,3,2,1,1,4,10,6,4,1,1,4,5,5,89,Workflow Automation,High,High
P1377,Disintermediate Next-Generation Deliverables,"HR onboarding process involving approvals, account creation, and employee record updates.",Logistics,Claims,2,4,2,1,5,5,5,2,1,5,1,2,4,4,100,Workflow Automation,Medium,High
P1378,Synthesize Vertical Web-Readiness,Finance team manually processes invoices through SAP and Excel with approval workflows.,Telecommunications,IT,3,5,1,5,4,5,4,2,5,3,4,3,2,3,80,RPA,Medium,High
P1379,Synthesize Impactful Action-Items,"HR onboarding process involving approvals, account creation, and employee record updates.",Banking,Claims,5,4,1,1,3,1,7,4,5,5,5,5,3,1,84,Workflow Automation,High,High
P1380,Synergize Collaborative Markets,Insurance claims process involving document validation and manual data entry.,Education,Procurement,1,3,5,2,1,4,6,3,3,5,4,4,2,3,89,Workflow Automation,Medium,High
P1381,Expedite Intuitive Systems,"HR onboarding process involving approvals, account creation, and employee record updates.",Finance,IT,4,2,2,3,1,1,7,6,2,1,3,5,1,2,76,RPA,High,High
P1382,E-Enable Bleeding-Edge Solutions,Healthcare records verification and compliance review process.,Manufacturing,Compliance,3,2,5,1,4,4,4,8,5,1,4,4,1,2,100,RPA,High,High
P1383,Engage Scalable Roi,Insurance claims process involving document validation and manual data entry.,Banking,Operations,5,2,3,1,3,1,8,7,5,5,5,3,5,2,84,Workflow Automation,High,High
P1384,Facilitate Robust Functionalities,University placement compliance and internship onboarding workflow.,Telecommunications,Operations,5,4,3,4,5,4,5,5,1,3,4,2,2,3,100,Intelligent Document Processing,Medium,High
P1385,Extend Impactful Deliverables,University placement compliance and internship onboarding workflow.,Banking,Student Services,5,2,1,1,3,3,1,2,4,1,5,4,3,1,92,Intelligent Document Processing,Low,High
P1386,Engage Synergistic Functionalities,Healthcare records verification and compliance review process.,Retail,Operations,5,3,5,5,1,3,9,7,3,2,1,1,4,3,83,RPA,High,High
P1387,Benchmark Holistic Communities,Customer support process involving complaint analysis and escalation management.,Education,Compliance,5,4,4,5,3,2,9,3,2,2,1,5,1,3,100,Intelligent Document Processing,High,High
P1388,Transform Dot-Com Communities,Insurance claims process involving document validation and manual data entry.,Education,Student Services,4,1,1,4,5,2,4,7,1,1,5,4,5,5,92,RPA,High,High
P1389,Leverage Innovative Experiences,Customer support process involving complaint analysis and escalation management.,Banking,IT,2,2,1,5,4,2,10,8,3,3,1,5,5,1,66,AI Copilot,High,High
P1390,Embrace Cross-Media Info-Mediaries,Retail inventory reconciliation across multiple systems and spreadsheets.,Logistics,IT,3,3,5,1,4,2,9,2,2,1,2,1,1,3,88,RPA,High,High
P1391,Revolutionize Sticky Convergence,Healthcare records verification and compliance review process.,Insurance,Operations,1,3,3,2,4,1,9,3,3,1,3,3,1,4,54,Process Redesign,High,Medium
P1392,Incubate Bricks-And-Clicks Eyeballs,Finance team manually processes invoices through SAP and Excel with approval workflows.,Retail,Finance,5,2,3,2,3,5,9,2,1,3,1,4,2,2,100,RPA,High,High
P1393,Expedite End-To-End Convergence,University placement compliance and internship onboarding workflow.,Government,Operations,1,2,2,4,2,4,5,9,2,3,2,4,1,1,70,Human-Assisted Automation,High,High
P1394,Morph Frictionless Solutions,Finance team manually processes invoices through SAP and Excel with approval workflows.,Insurance,Finance,3,4,1,4,4,2,3,8,1,4,2,4,3,3,81,Workflow Automation,High,High
P1395,Expedite Extensible Content,Customer support process involving complaint analysis and escalation management.,Telecommunications,Sales,5,3,3,5,2,1,6,4,4,4,1,5,4,5,80,RPA,Medium,High
P1396,Transform World-Class Communities,"Procurement process involving vendor comparison, approvals, and compliance checks.",Banking,Sales,2,1,3,4,4,4,2,2,2,3,2,5,1,4,77,RPA,Low,High
P1397,Deploy Frictionless Models,University placement compliance and internship onboarding workflow.,Healthcare,Compliance,1,4,1,5,3,5,4,8,5,2,3,4,4,3,61,Human-Assisted Automation,High,High
P1398,Enable End-To-End E-Commerce,University placement compliance and internship onboarding workflow.,Education,HR,4,5,5,5,3,4,5,8,2,5,1,3,4,1,100,Intelligent Document Processing,High,High
P1399,Syndicate Cross-Media Experiences,Healthcare records verification and compliance review process.,Manufacturing,Procurement,2,4,5,5,2,1,4,4,1,1,5,5,3,3,92,Workflow Automation,Medium,High
P1400,Synergize 24/365 E-Markets,Insurance claims process involving document validation and manual data entry.,Banking,Operations,3,5,4,4,5,5,8,9,1,5,2,2,5,3,100,Workflow Automation,High,High
P1401,Generate Open-Source Web-Readiness,Finance team manually processes invoices through SAP and Excel with approval workflows.,Education,Student Services,4,3,1,3,4,4,3,1,2,3,1,5,3,1,100,Workflow Automation,Low,High
P1402,Mesh Dot-Com Bandwidth,Retail inventory reconciliation across multiple systems and spreadsheets.,Retail,Claims,1,3,3,3,5,4,3,7,3,4,5,5,3,1,89,RPA,High,High
P1403,Visualize Real-Time Roi,University placement compliance and internship onboarding workflow.,Government,Finance,1,4,3,3,2,5,5,3,3,5,5,1,3,1,63,AI Agent,Medium,High
P1404,Drive Robust Supply-Chains,Healthcare records verification and compliance review process.,Retail,Procurement,2,2,3,4,1,3,8,10,3,1,2,4,2,2,66,Human-Assisted Automation,High,High
P1405,Monetize Best-Of-Breed Partnerships,University placement compliance and internship onboarding workflow.,Logistics,Finance,2,1,3,4,3,4,7,1,2,2,1,4,5,5,84,Workflow Automation,High,High
P1406,Re-Intermediate Front-End Models,Healthcare records verification and compliance review process.,Manufacturing,Procurement,3,4,4,2,4,1,7,8,2,2,3,3,4,5,96,RPA,High,High
P1407,Utilize Dot-Com Experiences,Customer support process involving complaint analysis and escalation management.,Banking,Operations,1,2,5,4,2,5,9,4,5,5,2,5,3,2,82,Intelligent Document Processing,High,High
P1408,Seize One-To-One Platforms,University placement compliance and internship onboarding workflow.,Insurance,Claims,3,4,3,1,4,2,1,5,4,3,5,1,5,1,79,RPA,Medium,High
P1409,Expedite Granular Web-Readiness,Finance team manually processes invoices through SAP and Excel with approval workflows.,Government,IT,4,3,3,1,2,1,7,4,2,2,1,5,5,2,94,Workflow Automation,High,High
P1410,Deliver Holistic Channels,Insurance claims process involving document validation and manual data entry.,Manufacturing,Operations,1,4,3,4,3,1,4,8,3,2,4,4,4,1,62,Human-Assisted Automation,High,High
P1411,E-Enable Scalable Applications,"Procurement process involving vendor comparison, approvals, and compliance checks.",Insurance,Sales,4,5,4,4,4,4,9,5,3,5,4,4,3,4,100,RPA,High,High
P1412,Disintermediate Collaborative E-Business,"HR onboarding process involving approvals, account creation, and employee record updates.",Manufacturing,Sales,1,5,4,5,3,2,6,9,1,5,2,3,3,5,87,Intelligent Document Processing,High,High
P1413,Engineer B2B Architectures,Healthcare records verification and compliance review process.,Education,Claims,2,2,3,1,1,1,10,4,5,5,3,3,4,4,50,Process Redesign,High,Medium
P1414,Engage Customized E-Business,Retail inventory reconciliation across multiple systems and spreadsheets.,Government,Student Services,4,4,3,5,1,5,1,7,3,2,1,2,3,5,80,RPA,High,High
P1415,Benchmark Front-End Eyeballs,Customer support process involving complaint analysis and escalation management.,Manufacturing,Student Services,3,4,2,5,1,3,4,8,1,5,3,4,4,4,80,Workflow Automation,High,High
P1416,Target Clicks-And-Mortar Portals,Customer support process involving complaint analysis and escalation management.,Education,Operations,2,3,4,5,2,2,5,9,5,3,2,1,4,3,35,Do Not Automate,High,Low
P1417,Seize Revolutionary Synergies,Insurance claims process involving document validation and manual data entry.,Telecommunications,Claims,4,3,4,2,2,3,1,2,2,5,1,4,2,4,100,Intelligent Document Processing,Low,High
P1418,Utilize B2B Action-Items,Insurance claims process involving document validation and manual data entry.,Government,Finance,2,3,2,2,1,3,2,10,3,5,4,3,3,5,67,AI Agent,High,High
P1419,Productize Innovative E-Tailers,University placement compliance and internship onboarding workflow.,Healthcare,Customer Service,3,1,1,5,5,4,7,6,2,3,3,2,4,2,65,AI Copilot,High,High
P1420,Productize Bricks-And-Clicks Solutions,Healthcare records verification and compliance review process.,Education,IT,1,4,5,1,5,5,4,1,3,1,3,3,5,4,100,Workflow Automation,Medium,High
P1421,Harness Synergistic Networks,Finance team manually processes invoices through SAP and Excel with approval workflows.,Government,Claims,3,2,4,3,4,5,3,7,4,2,5,1,1,3,85,Intelligent Document Processing,High,High
P1422,Streamline User-Centric Content,Retail inventory reconciliation across multiple systems and spreadsheets.,Logistics,Customer Service,3,5,5,3,4,4,7,5,3,1,3,3,2,2,100,RPA,High,High
P1423,Optimize Front-End Solutions,Finance team manually processes invoices through SAP and Excel with approval workflows.,Finance,Customer Service,5,3,4,2,5,1,1,8,5,4,5,1,5,3,77,RPA,High,High
P1424,Strategize Back-End Platforms,"HR onboarding process involving approvals, account creation, and employee record updates.",Healthcare,Procurement,1,1,1,2,4,2,1,7,4,4,3,2,1,1,29,Do Not Automate,High,Low
P1425,Evolve Viral Info-Mediaries,"HR onboarding process involving approvals, account creation, and employee record updates.",Finance,Sales,1,2,4,1,5,1,8,5,4,3,4,4,2,4,66,Human-Assisted Automation,High,High
P1426,Utilize Seamless Synergies,University placement compliance and internship onboarding workflow.,Logistics,IT,5,5,1,5,3,4,3,6,5,5,1,4,2,2,91,Intelligent Document Processing,Medium,High
P1427,Redefine Interactive Info-Mediaries,Finance team manually processes invoices through SAP and Excel with approval workflows.,Retail,Compliance,2,2,1,3,3,4,6,9,5,3,4,3,5,1,57,AI Copilot,High,Medium
P1428,Repurpose Viral Synergies,Retail inventory reconciliation across multiple systems and spreadsheets.,Healthcare,Operations,4,4,4,1,1,3,10,9,3,3,5,5,1,3,100,Intelligent Document Processing,High,High
P1429,Revolutionize World-Class Synergies,Customer support process involving complaint analysis and escalation management.,Logistics,Student Services,2,3,4,3,2,5,1,1,4,5,2,2,5,5,80,Intelligent Document Processing,Low,High
P1430,Extend Collaborative Eyeballs,Retail inventory reconciliation across multiple systems and spreadsheets.,Logistics,HR,5,4,1,1,1,5,10,5,1,4,1,2,5,5,100,Workflow Automation,High,High
P1431,Redefine Interactive Bandwidth,Insurance claims process involving document validation and manual data entry.,Healthcare,Compliance,5,1,2,1,4,4,8,6,2,5,3,5,2,3,100,RPA,High,High
P1432,Revolutionize World-Class Web Services,"HR onboarding process involving approvals, account creation, and employee record updates.",Manufacturing,IT,3,1,5,2,4,5,8,1,2,5,4,5,5,2,100,RPA,High,High
P1433,Productize B2C Applications,University placement compliance and internship onboarding workflow.,Healthcare,Student Services,1,1,1,1,5,4,8,3,4,5,3,1,3,1,47,Process Redesign,High,Medium
P1434,Scale Next-Generation Relationships,Finance team manually processes invoices through SAP and Excel with approval workflows.,Manufacturing,Sales,2,2,5,5,2,4,9,1,1,1,2,1,4,5,76,RPA,High,High
P1435,Implement Front-End Users,Finance team manually processes invoices through SAP and Excel with approval workflows.,Insurance,Claims,5,5,1,5,4,4,1,8,1,1,1,2,1,2,100,Workflow Automation,High,High
P1436,Extend Cutting-Edge Methodologies,Healthcare records verification and compliance review process.,Logistics,Compliance,1,4,2,2,5,4,3,3,5,2,4,2,3,5,82,Intelligent Document Processing,Low,High
P1437,Revolutionize Revolutionary Partnerships,Healthcare records verification and compliance review process.,Government,Finance,1,1,3,3,4,3,2,5,1,2,3,5,2,2,90,RPA,Medium,High
P1438,Evolve User-Centric Mindshare,Customer support process involving complaint analysis and escalation management.,Healthcare,Student Services,5,5,1,2,3,3,4,2,5,1,3,4,4,2,100,Intelligent Document Processing,Medium,High
P1439,Empower Efficient Niches,Insurance claims process involving document validation and manual data entry.,Education,Claims,1,1,5,3,1,4,2,3,1,5,3,5,3,5,77,RPA,Low,High
P1440,Re-Contextualize 24/365 Markets,Insurance claims process involving document validation and manual data entry.,Telecommunications,IT,5,5,5,2,1,2,7,8,4,4,5,2,1,4,100,Workflow Automation,High,High
P1441,Cultivate Plug-And-Play E-Business,Customer support process involving complaint analysis and escalation management.,Healthcare,IT,3,2,3,4,2,4,9,6,3,3,1,1,5,2,61,AI Copilot,High,High
P1442,Morph Leading-Edge Action-Items,"HR onboarding process involving approvals, account creation, and employee record updates.",Manufacturing,Student Services,2,5,3,5,2,1,9,3,1,4,4,2,5,4,63,AI Agent,High,Medium
P1443,Incubate Collaborative Vortals,Customer support process involving complaint analysis and escalation management.,Telecommunications,Student Services,4,4,5,4,2,4,5,1,4,3,4,4,4,2,100,Workflow Automation,Medium,High
P1444,Facilitate Compelling Bandwidth,"Procurement process involving vendor comparison, approvals, and compliance checks.",Government,Claims,3,2,3,3,4,3,10,2,2,2,3,2,2,4,83,Intelligent Document Processing,High,High
P1445,Enhance End-To-End Users,Finance team manually processes invoices through SAP and Excel with approval workflows.,Telecommunications,Student Services,5,5,3,2,5,3,1,6,1,5,5,3,1,3,100,Intelligent Document Processing,Medium,High
P1446,Aggregate Innovative Mindshare,"HR onboarding process involving approvals, account creation, and employee record updates.",Insurance,IT,3,4,1,2,2,5,4,7,3,2,3,5,3,2,100,RPA,High,High
P1447,Optimize Clicks-And-Mortar Mindshare,University placement compliance and internship onboarding workflow.,Healthcare,Operations,2,3,2,5,5,5,9,2,4,1,4,2,4,3,67,AI Agent,High,High
P1448,Productize Value-Added Vortals,University placement compliance and internship onboarding workflow.,Education,Operations,4,3,3,2,2,5,7,9,1,5,2,1,2,3,100,Workflow Automation,High,High
P1449,Synergize Real-Time Deliverables,"HR onboarding process involving approvals, account creation, and employee record updates.",Retail,Finance,3,5,5,1,2,1,7,7,4,2,5,5,3,3,100,Workflow Automation,High,High
P1450,Optimize Virtual E-Tailers,Insurance claims process involving document validation and manual data entry.,Government,IT,4,5,2,4,4,2,10,1,5,5,2,4,3,5,91,Workflow Automation,High,High
P1451,Architect Next-Generation E-Tailers,Finance team manually processes invoices through SAP and Excel with approval workflows.,Insurance,Procurement,1,5,5,4,1,5,6,9,3,5,2,4,2,1,100,RPA,High,High
P1452,Reinvent Extensible Portals,Customer support process involving complaint analysis and escalation management.,Government,Finance,1,4,2,2,1,4,1,7,1,4,3,3,4,2,77,Workflow Automation,High,High
P1453,Architect Distributed Niches,"HR onboarding process involving approvals, account creation, and employee record updates.",Education,Compliance,3,4,2,5,5,5,6,10,5,1,4,3,4,5,80,Workflow Automation,High,High
P1454,Transform Sticky Web Services,Finance team manually processes invoices through SAP and Excel with approval workflows.,Education,Operations,1,1,3,2,2,1,7,8,3,1,5,3,4,3,30,Do Not Automate,High,Low
P1455,Empower 24/365 Applications,"HR onboarding process involving approvals, account creation, and employee record updates.",Logistics,Sales,5,4,5,1,2,3,2,10,3,2,5,5,5,4,100,RPA,High,High
P1456,Strategize Out-Of-The-Box Interfaces,"HR onboarding process involving approvals, account creation, and employee record updates.",Manufacturing,Student Services,4,3,1,4,2,2,1,8,4,4,1,2,4,4,48,Process Redesign,High,Medium
P1457,Exploit B2B Portals,"Procurement process involving vendor comparison, approvals, and compliance checks.",Government,Claims,5,4,1,2,4,2,10,3,5,5,2,2,1,5,76,Workflow Automation,High,High
P1458,Implement Real-Time Schemas,Retail inventory reconciliation across multiple systems and spreadsheets.,Education,Operations,2,4,5,5,5,2,2,10,1,1,3,4,1,5,99,RPA,High,High
P1459,Generate Next-Generation Communities,Insurance claims process involving document validation and manual data entry.,Government,Student Services,5,4,5,2,5,3,9,7,5,3,3,4,1,4,100,Workflow Automation,High,High
P1460,Incubate Dot-Com Action-Items,University placement compliance and internship onboarding workflow.,Insurance,Customer Service,3,4,3,1,1,4,10,4,3,3,2,2,1,4,84,Workflow Automation,High,High
P1461,Target Magnetic Content,Finance team manually processes invoices through SAP and Excel with approval workflows.,Education,Claims,4,5,1,5,1,5,3,3,4,5,4,1,5,4,63,Human-Assisted Automation,Low,Medium
P1462,Evolve World-Class E-Markets,Insurance claims process involving document validation and manual data entry.,Logistics,Student Services,1,1,4,3,3,4,2,2,3,2,5,3,5,4,65,Human-Assisted Automation,Low,Medium
P1463,Target Clicks-And-Mortar Interfaces,Finance team manually processes invoices through SAP and Excel with approval workflows.,Manufacturing,HR,5,4,2,4,2,3,9,1,2,3,3,5,1,5,100,Intelligent Document Processing,High,High
P1464,Whiteboard Value-Added Bandwidth,Finance team manually processes invoices through SAP and Excel with approval workflows.,Finance,HR,1,1,2,4,3,3,9,4,4,5,3,5,3,4,49,Process Redesign,High,Medium
P1465,Engineer Intuitive Schemas,"Procurement process involving vendor comparison, approvals, and compliance checks.",Telecommunications,Operations,5,1,1,5,5,4,3,3,4,3,4,2,1,4,63,Human-Assisted Automation,Low,High
P1466,Architect Dot-Com E-Services,"Procurement process involving vendor comparison, approvals, and compliance checks.",Finance,Compliance,3,4,3,2,1,3,5,8,2,2,2,4,3,4,96,RPA,High,High
P1467,Orchestrate Rich Methodologies,University placement compliance and internship onboarding workflow.,Logistics,IT,1,1,2,3,4,1,10,4,3,4,3,4,1,1,46,Process Redesign,High,Medium
P1468,Synergize Viral Niches,Finance team manually processes invoices through SAP and Excel with approval workflows.,Banking,Claims,3,4,2,4,3,2,10,1,5,2,1,2,5,4,64,AI Copilot,High,Medium
P1469,Iterate Mission-Critical Networks,University placement compliance and internship onboarding workflow.,Government,Sales,1,3,5,1,1,1,8,5,2,4,1,1,3,4,53,Process Redesign,High,Medium
P1470,Deliver Interactive Paradigms,Retail inventory reconciliation across multiple systems and spreadsheets.,Finance,IT,5,1,5,3,5,5,5,5,3,3,4,5,5,5,100,Workflow Automation,Medium,High
P1471,Transition Real-Time Roi,Healthcare records verification and compliance review process.,Insurance,Finance,1,3,3,4,2,4,4,1,4,2,1,4,4,2,65,AI Agent,Medium,Medium
P1472,Brand Out-Of-The-Box Action-Items,Retail inventory reconciliation across multiple systems and spreadsheets.,Government,Claims,3,4,1,2,2,5,3,2,5,5,4,1,1,5,77,Workflow Automation,Low,High
P1473,Synthesize Back-End Web-Readiness,University placement compliance and internship onboarding workflow.,Logistics,Compliance,4,5,3,1,2,3,4,10,3,2,4,1,3,5,100,RPA,High,High
P1474,Empower Killer Niches,"HR onboarding process involving approvals, account creation, and employee record updates.",Logistics,Claims,1,1,4,3,1,4,5,8,3,2,1,5,1,3,77,RPA,High,High
P1475,Seize Viral Schemas,Healthcare records verification and compliance review process.,Retail,Sales,2,4,4,4,3,1,1,6,3,2,3,4,5,4,83,RPA,Medium,High
P1476,Re-Contextualize Cross-Media Partnerships,"Procurement process involving vendor comparison, approvals, and compliance checks.",Finance,Operations,1,3,2,3,2,5,7,7,1,3,5,4,2,2,85,Workflow Automation,High,High
P1477,Incubate Scalable Synergies,Insurance claims process involving document validation and manual data entry.,Manufacturing,Customer Service,1,2,3,1,4,5,2,5,5,2,4,2,5,2,64,AI Copilot,Medium,Medium
P1478,Redefine Global E-Business,Customer support process involving complaint analysis and escalation management.,Education,Student Services,1,5,3,5,2,1,1,5,3,3,2,1,3,1,49,Process Redesign,Medium,Medium
P1479,Unleash E-Business Channels,Customer support process involving complaint analysis and escalation management.,Telecommunications,IT,5,3,1,3,3,5,9,7,4,4,4,1,2,1,79,Intelligent Document Processing,High,High
P1480,Integrate Clicks-And-Mortar E-Business,"HR onboarding process involving approvals, account creation, and employee record updates.",Telecommunications,Student Services,4,2,1,4,4,1,7,2,1,5,3,1,5,5,51,Process Redesign,High,Medium
P1481,Orchestrate Real-Time Platforms,"Procurement process involving vendor comparison, approvals, and compliance checks.",Manufacturing,Student Services,2,1,4,4,5,4,2,3,2,1,3,1,5,2,67,Human-Assisted Automation,Low,High
P1482,Evolve Ubiquitous Interfaces,Finance team manually processes invoices through SAP and Excel with approval workflows.,Government,Sales,1,2,1,1,1,4,6,4,4,1,4,2,2,3,43,Process Redesign,Medium,Medium
P1483,Revolutionize Real-Time Synergies,Finance team manually processes invoices through SAP and Excel with approval workflows.,Finance,IT,1,5,2,5,2,1,6,9,1,2,2,2,1,3,60,AI Agent,High,Medium
P1484,Grow Extensible Systems,"HR onboarding process involving approvals, account creation, and employee record updates.",Telecommunications,IT,2,4,1,4,4,4,2,3,5,5,1,3,1,2,59,Human-Assisted Automation,Low,Medium
P1485,Extend Efficient E-Business,Healthcare records verification and compliance review process.,Telecommunications,Student Services,5,1,3,1,4,2,4,1,5,4,5,1,4,1,79,RPA,Medium,High
P1486,Disintermediate One-To-One Vortals,Finance team manually processes invoices through SAP and Excel with approval workflows.,Government,Operations,2,3,4,1,5,3,5,8,1,4,3,4,5,3,100,RPA,High,High
P1487,Unleash Enterprise Relationships,"HR onboarding process involving approvals, account creation, and employee record updates.",Retail,Compliance,1,2,3,2,4,1,7,5,3,2,5,4,3,3,64,AI Agent,High,High
P1488,Matrix Enterprise Action-Items,Healthcare records verification and compliance review process.,Logistics,Operations,5,1,4,1,5,3,8,3,3,4,3,4,2,4,100,Intelligent Document Processing,High,High
P1489,Exploit Vertical Action-Items,"Procurement process involving vendor comparison, approvals, and compliance checks.",Insurance,Claims,2,4,3,3,4,5,4,7,1,3,5,3,4,3,100,Intelligent Document Processing,High,High
P1490,Aggregate Dot-Com Roi,Insurance claims process involving document validation and manual data entry.,Telecommunications,Claims,2,3,4,1,4,2,5,1,2,1,3,3,3,1,91,Intelligent Document Processing,Medium,High
P1491,Architect Next-Generation Info-Mediaries,Healthcare records verification and compliance review process.,Education,IT,4,1,1,1,2,4,8,2,2,5,5,5,2,3,86,Workflow Automation,High,High
P1492,Benchmark Scalable Models,"HR onboarding process involving approvals, account creation, and employee record updates.",Telecommunications,Sales,1,5,1,1,3,2,3,8,1,1,3,2,2,1,81,Workflow Automation,High,High
P1493,Utilize Customized Communities,Retail inventory reconciliation across multiple systems and spreadsheets.,Finance,Procurement,5,1,5,2,5,5,2,2,3,2,2,1,3,2,100,RPA,Low,High
P1494,Orchestrate Back-End Models,University placement compliance and internship onboarding workflow.,Manufacturing,Finance,4,3,2,4,2,2,2,7,4,1,5,5,2,4,66,Human-Assisted Automation,High,Medium
P1495,Iterate One-To-One Architectures,University placement compliance and internship onboarding workflow.,Telecommunications,Sales,4,2,2,2,2,4,4,5,1,1,4,3,5,3,93,RPA,Medium,High
P1496,Facilitate Ubiquitous Experiences,"HR onboarding process involving approvals, account creation, and employee record updates.",Finance,Procurement,2,4,4,1,4,4,10,5,3,2,1,4,2,1,100,RPA,High,High
P1497,Reinvent Innovative Vortals,Finance team manually processes invoices through SAP and Excel with approval workflows.,Logistics,Student Services,4,3,3,4,3,4,5,7,5,3,1,5,1,4,92,Workflow Automation,High,High
P1498,Incubate Dot-Com Channels,University placement compliance and internship onboarding workflow.,Insurance,Operations,2,4,1,4,5,5,3,7,5,5,2,4,1,2,79,RPA,High,High
P1499,Implement Dot-Com Applications,Insurance claims process involving document validation and manual data entry.,Logistics,Student Services,1,2,3,3,2,5,8,3,2,4,2,4,2,5,89,Intelligent Document Processing,High,High
P1500,Target Plug-And-Play Solutions,Healthcare records verification and compliance review process.,Government,Sales,1,1,5,3,4,1,10,5,3,1,2,4,5,5,60,Human-Assisted Automation,High,High